setting,seed,config,best_epoch,micro_f1,precision,recall,macro_auroc,within_gene_auroc,bal_accuracy,bal_f1,bal_auroc
A_random,0,full,9,0.4557491289198607,0.7730496453900709,0.3231225296442688,0.7436958007579137,0.8278685110216448,0.7324604743083004,0.749753459511161,0.8350404825883858
A_random,0,no_residual,9,0.4474053295932679,0.7705314009661836,0.31521739130434784,0.7668220075526923,0.8492685726419611,0.7303359683794467,0.7735389662996145,0.8436806249902359
A_random,0,no_batchnorm,13,0.4303305249513934,0.6252354048964218,0.32806324110671936,0.7413127942333184,0.8388551869905445,0.720800395256917,0.7576181431667013,0.8338666242247184
A_random,0,relu_instead_of_gelu,13,0.45866283249460815,0.841688654353562,0.31521739130434784,0.745209416806793,0.8352231625465103,0.7415513833992096,0.7501608475495833,0.8343497594088332
A_random,0,no_label_smoothing,9,0.4573426573426574,0.7822966507177034,0.3231225296442688,0.7658230565401134,0.8645536606183725,0.7256422924901186,0.7742448953501168,0.8505095963067694
A_random,0,no_class_weights,18,0.4590395480225988,0.8044554455445545,0.3211462450592885,0.7537238541821387,0.8572400314609833,0.7305830039525693,0.7708455467588924,0.8501071626646253
A_random,0,no_cosine_annealing,9,0.4557491289198607,0.7730496453900709,0.3231225296442688,0.7436006737638017,0.8279897015978656,0.7343873517786561,0.7480754746914113,0.8350131426830603
A_random,0,no_early_stopping,150,0.4439918533604888,0.7093275488069414,0.3231225296442688,0.6584097229963566,0.7689737748327703,0.7159584980237155,0.7152815862341028,0.7681096115390024
A_random,1,full,12,0.44013840830449824,0.7327188940092166,0.314540059347181,0.7407704922855437,0.8048759698532544,0.7412957467853609,0.7531671757751773,0.8315504720086956
A_random,1,no_residual,9,0.43696275071633234,0.7922077922077922,0.3016815034619189,0.758152684498692,0.8874715480222884,0.7317507418397625,0.765049276039829,0.8424642483619845
A_random,1,no_batchnorm,16,0.43570347957639943,0.9260450160771704,0.28486646884273,0.7442525124570244,0.8112774455917402,0.7329871414441147,0.7644668126415001,0.8388629624085603
A_random,1,relu_instead_of_gelu,15,0.4371047083626142,0.7548543689320388,0.3076162215628091,0.759423510939284,0.8661175491625969,0.7406033630069238,0.7696239241821763,0.8378443941568563
A_random,1,no_label_smoothing,12,0.4399421128798842,0.8194070080862533,0.3006923837784372,0.7653365610682166,0.8690316881388852,0.729673590504451,0.7732608249512782,0.8516901619279909
A_random,1,no_class_weights,24,0.4495548961424332,0.8991097922848664,0.2997032640949555,0.7466183908717107,0.87315686032851,0.7433728981206726,0.7735169325485087,0.8491382624953404
A_random,1,no_cosine_annealing,12,0.44152249134948096,0.7350230414746544,0.3155291790306627,0.7409867521882655,0.806827523549243,0.7292284866468843,0.7612986673895749,0.8316446878598522
A_random,1,no_early_stopping,150,0.44614315496872836,0.75,0.31750741839762614,0.6462244971506931,0.6402965168006314,0.6756676557863501,0.7005383587745959,0.7505050771875345
A_random,2,full,15,0.44279346210995546,0.8922155688622755,0.29446640316205536,0.7570301455736265,0.8551968916483106,0.7447628458498025,0.7614089578796653,0.8335130118420848
A_random,2,no_residual,15,0.4566473988439306,0.8494623655913979,0.31225296442687744,0.7627182473663503,0.8856585066680066,0.737796442687747,0.7699691327758639,0.8476614128481932
A_random,2,no_batchnorm,15,0.44935805991440786,0.8076923076923077,0.31126482213438733,0.772617663745185,0.9161507966243093,0.762796442687747,0.7806262081454018,0.8538875880735521
A_random,2,relu_instead_of_gelu,15,0.4484760522496372,0.8442622950819673,0.30533596837944665,0.7567232593183293,0.8873334223489293,0.7429347826086957,0.7654849132138928,0.8377733990532581
A_random,2,no_label_smoothing,15,0.44299201161946267,0.8356164383561644,0.30138339920948615,0.7790066353348685,0.9174233308370517,0.7361660079051383,0.7829352550217273,0.8588948917339749
A_random,2,no_class_weights,28,0.45486354093771864,0.7793764988009593,0.3211462450592885,0.7660577889007791,0.8913321314524556,0.7569664031620553,0.7701660930707359,0.8573494547641737
A_random,2,no_cosine_annealing,15,0.44279346210995546,0.8922155688622755,0.29446640316205536,0.7569954496347524,0.8548952427561293,0.7455533596837944,0.76197336179979,0.8334203490915341
A_random,2,no_early_stopping,150,0.43933955491744436,0.8031496062992126,0.30237154150197626,0.6546410800180452,0.5841247762605565,0.6775197628458498,0.7079837175299762,0.7603939485072411
A_random,3,full,7,0.4580265095729013,0.8962536023054755,0.3076162215628091,0.7656475642588403,0.8717826269216655,0.7384767556874381,0.7739099816796129,0.852938888839971
A_random,3,no_residual,10,0.45839416058394156,0.8746518105849582,0.3105835806132542,0.7634868484857661,0.8643774664825848,0.7329871414441146,0.7660768711757076,0.8452511493257647
A_random,3,no_batchnorm,11,0.4405099150141643,0.7755610972568578,0.3076162215628091,0.7701569900559139,0.881940912347283,0.7427794263105835,0.7711113577951194,0.8576997243966223
A_random,3,relu_instead_of_gelu,11,0.4582409460458241,0.9064327485380117,0.3066271018793274,0.7694422027085418,0.8734300378354622,0.7526706231454006,0.7763838949236173,0.8500783664556348
A_random,3,no_label_smoothing,8,0.45949926362297494,0.899135446685879,0.3086053412462908,0.7767190948675466,0.8808466681871743,0.7375370919881307,0.7782218437646776,0.8632344409321402
A_random,3,no_class_weights,18,0.455958549222798,0.9058823529411765,0.304648862512364,0.7331105340776986,0.7977686831129615,0.7503461918892185,0.7725031988687225,0.8451638308967333
A_random,3,no_cosine_annealing,7,0.4580265095729013,0.8962536023054755,0.3076162215628091,0.7656805397079209,0.8717826269216655,0.738427299703264,0.773877052755962,0.852967946065094
A_random,3,no_early_stopping,150,0.4528034066713982,0.8015075376884422,0.3155291790306627,0.715620189905993,0.776683964992462,0.7156280909990109,0.7387729266803802,0.7995272086181578
A_random,4,full,8,0.4534639608117565,0.7769784172661871,0.3201581027667984,0.7631414544301983,0.9047255566523281,0.7242588932806324,0.7675013397667725,0.8505159430705058
A_random,4,no_residual,11,0.4537931034482759,0.7511415525114156,0.325098814229249,0.7729127698284634,0.9118826953412056,0.7394762845849802,0.7682841702323048,0.8529675026168195
A_random,4,no_batchnorm,8,0.4552501761804087,0.7936117936117936,0.3191699604743083,0.7644970422404859,0.9061415053245355,0.7361660079051384,0.7706694297525052,0.8507749886734677
A_random,4,relu_instead_of_gelu,8,0.45109489051094886,0.8631284916201117,0.30533596837944665,0.7690655074386156,0.8958430734482804,0.721393280632411,0.7670130224031652,0.8520704119733165
A_random,4,no_label_smoothing,11,0.45616535994297935,0.8184143222506394,0.31620553359683795,0.7894257183895531,0.9099444196622649,0.7227766798418973,0.7765819781046128,0.8655253558093392
A_random,4,no_class_weights,15,0.4548104956268222,0.8666666666666667,0.308300395256917,0.756704118598216,0.9104895227808883,0.7439723320158104,0.7707697019982659,0.8560611593682139
A_random,4,no_cosine_annealing,8,0.4534639608117565,0.7769784172661871,0.3201581027667984,0.7630068617220147,0.9047255566523281,0.7237154150197628,0.7669554316378331,0.8504576016653909
A_random,4,no_early_stopping,150,0.4643356643356643,0.7942583732057417,0.32806324110671936,0.6989217483030632,0.7602294004923656,0.7254446640316206,0.7356096681256628,0.8005905419550376
B_gene_disjoint,0,full,15,0.5136612021857924,0.8901515151515151,0.36098310291858676,0.7028794533587459,0.6808663106801677,0.7482718894009216,0.7388093963441035,0.824808282660966
B_gene_disjoint,0,no_residual,19,0.5343428880475932,0.903107861060329,0.3794162826420891,0.7145422935928993,0.6566815853505955,0.7501536098310291,0.7267390702725545,0.8362235459567108
B_gene_disjoint,0,no_batchnorm,18,0.5145364783324191,0.9001919385796545,0.3602150537634409,0.7265721508653239,0.6892933542992665,0.7513440860215054,0.7684027508606102,0.839580988482802
B_gene_disjoint,0,relu_instead_of_gelu,19,0.4985899605188945,0.9384288747346072,0.33947772657450076,0.7151268863602219,0.684095003315252,0.7526497695852534,0.7356386626646596,0.833090353727339
B_gene_disjoint,0,no_label_smoothing,18,0.42857142857142855,0.47650375939849626,0.38940092165898615,0.7409140665887237,0.7358009494235144,0.7503840245775729,0.7523105989010889,0.8489124907680727
B_gene_disjoint,0,no_class_weights,20,0.5452586206896552,0.9133574007220217,0.38863287250384027,0.7579467922055554,0.7381863490585211,0.7440860215053764,0.7708795778038715,0.8565838978671595
B_gene_disjoint,0,no_cosine_annealing,15,0.5133806663025668,0.888468809073724,0.36098310291858676,0.7029406140639505,0.6810225316998493,0.7475806451612903,0.7378622819587427,0.824818664892249
B_gene_disjoint,0,no_early_stopping,150,0.427,0.6117478510028653,0.3279569892473118,0.64002869599332,0.59986743308414,0.7223118279569893,0.7078607401349303,0.7737132227153782
B_gene_disjoint,1,full,8,0.28502802241793435,0.6768060836501901,0.18052738336713997,0.6942706249122316,0.7843565909611887,0.6070993914807302,0.7030241919954461,0.7574305489839497
B_gene_disjoint,1,no_residual,8,0.27325959661678595,0.3811252268602541,0.2129817444219067,0.7059068994887249,0.7807273499471618,0.6429513184584178,0.7168108429297679,0.7713990285909426
B_gene_disjoint,1,no_batchnorm,12,0.2689075630252101,0.544891640866873,0.17849898580121704,0.6998591687427546,0.795139230874247,0.6305273833671401,0.6995355605992731,0.750888298244387
B_gene_disjoint,1,relu_instead_of_gelu,8,0.2778675282714055,0.6825396825396826,0.1744421906693712,0.695364572560441,0.7633130841319258,0.6544117647058824,0.7129052367128026,0.7595535776736378
B_gene_disjoint,1,no_label_smoothing,7,0.2777777777777778,0.5346820809248555,0.1876267748478702,0.7281867976548916,0.8005266346247355,0.6727687626774848,0.7176514721330829,0.7671670115902555
B_gene_disjoint,1,no_class_weights,17,0.2841269841269841,0.6532846715328468,0.1815415821501014,0.6809962954304652,0.7748684327071332,0.6059837728194726,0.6863290901557637,0.7299007093219885
B_gene_disjoint,1,no_cosine_annealing,8,0.2848,0.6742424242424242,0.18052738336713997,0.6944732906641045,0.7846974784111983,0.6071501014198784,0.7030521486261212,0.7574783274154594
B_gene_disjoint,1,no_early_stopping,150,0.22781456953642384,0.3282442748091603,0.1744421906693712,0.6103458721795205,0.5777086313130955,0.49695740365111557,0.6605073997288482,0.6827688038214517
B_gene_disjoint,2,full,13,0.09346534653465347,0.06306787814003206,0.18042813455657492,0.6166890843843702,0.5538064761437865,0.5518348623853211,0.6848845589584428,0.6780008229759934
B_gene_disjoint,2,no_residual,13,0.09736632083000797,0.06587473002159827,0.18654434250764526,0.6104117378417209,0.5859960731101277,0.5500764525993883,0.6850543397177666,0.6839121052287032
B_gene_disjoint,2,no_batchnorm,9,0.08884859474161377,0.1091314031180401,0.07492354740061162,0.6067393979207687,0.5261360375384642,0.533868501529052,0.6797362480373066,0.656727361146181
B_gene_disjoint,2,relu_instead_of_gelu,17,0.10344827586206898,0.12723214285714285,0.0871559633027523,0.6155503888764193,0.5685102111684518,0.5829510703363915,0.6910373341642285,0.6693829550449364
B_gene_disjoint,2,no_label_smoothing,5,0.09841534612176814,0.10825688073394496,0.09021406727828746,0.604955560237355,0.5835253654558004,0.5338685015290521,0.6783832740654001,0.6603519625171843
B_gene_disjoint,2,no_class_weights,14,0.08785529715762275,0.10059171597633136,0.0779816513761468,0.5972743355136373,0.5591645082925163,0.5436544342507645,0.675067800556844,0.6633084803935321
B_gene_disjoint,2,no_cosine_annealing,13,0.09410834321866351,0.06346666666666667,0.1819571865443425,0.616552981910851,0.55339303945128,0.551605504587156,0.6847741825279527,0.6780674559754604
B_gene_disjoint,2,no_early_stopping,150,0.08027168879283729,0.05029013539651837,0.19877675840978593,0.5564032889354669,0.5055165274002483,0.5064220183486239,0.6691954278514681,0.603250988973992
B_gene_disjoint,3,full,11,0.01366120218579235,0.0847457627118644,0.007429420505200594,0.6091151266994669,0.6061822832988172,0.5820950965824665,0.6727100285300471,0.6635439550128166
B_gene_disjoint,3,no_residual,11,0.01871657754010695,0.09333333333333334,0.010401188707280832,0.6020223737371662,0.6002293633767737,0.588484398216939,0.6691275260658409,0.6605161073810686
B_gene_disjoint,3,no_batchnorm,13,0.009720534629404618,0.02666666666666667,0.005943536404160475,0.5916275627539606,0.5871603634302838,0.5952451708766715,0.6588346701332604,0.6497217003106447
B_gene_disjoint,3,relu_instead_of_gelu,11,0.0325,0.10236220472440945,0.019316493313521546,0.6091835671295333,0.5865302747274859,0.6098068350668647,0.6720148516429759,0.6666551490410196
B_gene_disjoint,3,no_label_smoothing,9,0.03045685279187817,0.10434782608695652,0.017830609212481426,0.6030396613526292,0.6127655793741451,0.5772659732540861,0.6623289190728415,0.6599789370961011
B_gene_disjoint,3,no_class_weights,20,0.005747126436781608,0.08695652173913043,0.0029717682020802376,0.5779952287092388,0.621526658379248,0.5981426448736997,0.6638366342265776,0.6491266843147602
B_gene_disjoint,3,no_cosine_annealing,11,0.013642564802182811,0.08333333333333333,0.007429420505200594,0.6090352509941189,0.6061822832988172,0.5858841010401188,0.6724161434577278,0.663410159208176
B_gene_disjoint,3,no_early_stopping,150,0.022556390977443608,0.072,0.01337295690936107,0.5580831923519985,0.5687214042044719,0.5603268945022288,0.5837963454131054,0.5824932826116236
B_gene_disjoint,4,full,13,0.21172022684310018,0.1857379767827529,0.24615384615384617,0.6726026453176025,0.7253066719481054,0.5321428571428571,0.6706684795348956,0.742314394396812
B_gene_disjoint,4,no_residual,10,0.20301348136399683,0.1588089330024814,0.2813186813186813,0.6751893697812285,0.760573025271097,0.6302197802197801,0.7039347031134786,0.7359215674435455
B_gene_disjoint,4,no_batchnorm,11,0.12426240888580355,0.07378400659521847,0.3934065934065934,0.6683673523242424,0.7348223826708967,0.5482417582417582,0.6727261831044519,0.719096546310832
B_gene_disjoint,4,relu_instead_of_gelu,12,0.21396283274736316,0.19703977798334876,0.23406593406593407,0.683050867820169,0.7487341278348801,0.6637362637362638,0.7032222442185738,0.7443416857867408
B_gene_disjoint,4,no_label_smoothing,6,0.0794949315312111,0.0432469040247678,0.4912087912087912,0.6999415828925281,0.7963450602666172,0.6124725274725275,0.7099284540570167,0.7532409733124019
B_gene_disjoint,4,no_class_weights,13,0.0877940359325801,0.047936893203883495,0.5208791208791209,0.6730379118517756,0.7458624385512782,0.5582417582417583,0.6912553800536367,0.7578671054220505
B_gene_disjoint,4,no_cosine_annealing,13,0.21067548417572035,0.18475559237779618,0.24505494505494504,0.6729343076781996,0.7239977781557594,0.5316483516483517,0.6699244437048868,0.7421548725999275
B_gene_disjoint,4,no_early_stopping,150,0.1258116883116883,0.07715281234444997,0.34065934065934067,0.6051331346428087,0.6336386905745676,0.4990659340659341,0.6647795101661265,0.6723239343074509
