concept,n_concept_train,drug,tcav,tcav_sd,random,t,p,p_bh
loss_of_function,77,tramadol,0.9929547844374345,0.012017321991444476,0.36561514195583594,8.944354074918424,7.645039985702503e-10,8.027291984987628e-08
loss_of_function,77,fluorouracil,0.881904761904762,0.16834259420878395,0.5314285714285715,5.697574695820027,7.693986738706313e-07,1.1143015276747074e-05
loss_of_function,77,methotrexate,0.6880952380952381,0.3714896164731826,0.48333333333333334,1.9585437874414255,0.05506173207672006,0.10187633247675078
loss_of_function,77,warfarin,0.5206349206349206,0.2064468633382744,0.5714285714285714,-0.6817295851320175,0.49872156108500193,0.5900367764949318
loss_of_function,77,nicotine,0.742857142857143,0.28666508463414114,0.4841269841269842,3.002284238567379,0.0040273240592304665,0.0122570732237449
loss_of_function,77,cyclophosphamide,0.01111111111111111,0.029311405258126012,0.46825396825396814,-6.0541547760792325,1.3168501719146484e-06,1.6759911278913708e-05
loss_of_function,77,ethanol,0.02407407407407407,0.0510856082375323,0.5925925925925924,-7.777848059145579,1.118989709096928e-08,4.513441851394202e-07
loss_of_function,77,gemcitabine,0.9372549019607843,0.026012743453767848,0.49215686274509796,7.452609365813612,3.0033765683991735e-08,9.304108470054556e-07
loss_of_function,77,opioids,0.9568627450980393,0.11560316057242097,0.6725490196078431,3.4666069944322087,0.0014752998476041397,0.005037609235721452
loss_of_function,77,cisplatin,0.3,0.18373919634145297,0.384313725490196,-1.0253238948278578,0.31128652542448226,0.40351956999469923
loss_of_function,77,risperidone,0.9411764705882353,0.0,0.5274509803921569,4.924087097077055,3.132500822553835e-05,0.00019347799198126629
loss_of_function,77,docetaxel,0.7041666666666667,0.18605927968138422,0.44583333333333336,2.9436474382921363,0.005422152016156767,0.016037351033703115
loss_of_function,77,methadone,0.9520833333333333,0.16667968699141342,0.5083333333333333,5.4568394057044785,3.0360464486990814e-06,3.2695884832143954e-05
loss_of_function,77,tumor necrosis factor alpha (tnf-alpha) inhibitors,0.25333333333333335,0.3175834681768861,0.4933333333333333,-2.437328254466573,0.018139013700852077,0.04232436530198818
loss_of_function,77,platinum compounds,0.37333333333333335,0.35636020062935286,0.5911111111111111,-2.1894599653245628,0.03265442482608222,0.06823312650226135
loss_of_function,77,duloxetine,0.3911111111111111,0.3863344677706797,0.5244444444444445,-1.2104975378922538,0.231110263826849,0.32166047176335605
loss_of_function,77,olanzapine,0.11555555555555556,0.2715842865324834,0.4466666666666667,-3.3536403593272004,0.0015794321967600449,0.00526477398920015
loss_of_function,77,antipsychotics,0.6738095238095237,0.26256410511921113,0.32380952380952377,4.076776107975241,0.0001584900340782136,0.0007867865696580248
loss_of_function,77,aspirin,0.2595238095238095,0.22624059595093857,0.5619047619047619,-3.5801229065922326,0.0008210324345016533,0.002972703642161158
loss_of_function,77,capecitabine,0.19743589743589748,0.1297598043987692,0.558974358974359,-5.29588131518347,5.6001268726479735e-06,5.226785081138109e-05
loss_of_function,77,tacrolimus,0.9461538461538462,0.06007884366082041,0.5230769230769231,5.351073702781867,8.49388144163085e-06,6.860442702855687e-05
loss_of_function,77,carboplatin,0.041025641025641026,0.14006666957689912,0.482051282051282,-5.8440998609463675,1.0522257512778831e-06,1.3810462985522216e-05
loss_of_function,77,methylphenidate,0.7833333333333332,0.19317042945237453,0.4916666666666666,3.8966378923664013,0.00032209011307489783,0.0013946169844480112
loss_of_function,77,clozapine,0.2638888888888889,0.2789558352583637,0.6138888888888889,-3.7031218365256326,0.000531717770246311,0.00208711648134066
loss_of_function,77,doxorubicin,0.5888888888888889,0.3541639433446495,0.47222222222222215,1.2153025911416349,0.22919310522453412,0.32166047176335605
loss_of_function,77,succinylcholine,0.6555555555555554,0.2469567863432541,0.625,0.3724996387397483,0.711068896447143,0.7859182539678949
loss_of_function,77,sevoflurane,0.2121212121212121,0.1227179195837369,0.509090909090909,-4.283969949005856,0.0001309843276190999,0.0006628122602412285
loss_of_function,77,hydrochlorothiazide,0.7,0.3956721797513708,0.5424242424242425,1.4593929565469235,0.14988143758265823,0.23228857485135226
loss_of_function,77,antidepressants,0.0,0.0,0.6545454545454544,-8.649788748182722,1.5908014984150853e-09,1.2353675230023366e-07
loss_of_function,77,citalopram,0.04000000000000001,0.15187714333192695,0.45999999999999996,-4.565118200278007,5.937224798820797e-05,0.0003483033834344297
loss_of_function,77,atorvastatin,0.6233333333333333,0.3190437099973747,0.4466666666666666,1.7361690791021311,0.08839407864315699,0.14674115822184164
loss_of_function,77,morphine,0.17037037037037034,0.2529388307994648,0.5370370370370369,-4.035979226508602,0.00019592544387280687,0.0009350987093929418
loss_of_function,77,prednisolone,0.0037037037037037034,0.01994505484123891,0.6,-9.813827528662395,9.336702342951392e-11,3.4674668965976885e-08
loss_of_function,77,metformin,0.05185185185185184,0.13374422285383547,0.42962962962962964,-5.264111924825532,6.334463006060881e-06,5.660583962862915e-05
loss_of_function,77,corticosteroids,0.07037037037037037,0.07848007444598924,0.4037037037037037,-4.277527622487854,0.0001671076638605033,0.0008161071955978068
loss_of_function,77,irinotecan,0.8481481481481483,0.20980754130768214,0.5407407407407407,3.3583892416491716,0.0016961264530629665,0.005609237088869653
loss_of_function,77,clopidogrel,0.48888888888888876,0.2905932629027116,0.5518518518518519,-0.7534096780009688,0.45433513704661777,0.5515050796519637
loss_of_function,77,epirubicin,0.0,0.0,0.4074074074074074,-5.072061361183725,2.076155233465068e-05,0.00013753375103723366
loss_of_function,77,lithium,0.2074074074074074,0.3191208774598225,0.3888888888888889,-1.8407708693770475,0.07116686371169544,0.12611849265363748
loss_of_function,77,rosuvastatin,0.5444444444444444,0.24402320607450567,0.4740740740740741,0.8251193894785234,0.4133226533220819,0.5075892233779953
loss_of_function,77,atenolol,0.8222222222222223,0.3473592322279513,0.5037037037037037,3.026244441996653,0.0037718596210297066,0.011572786548556369
loss_of_function,77,imatinib,0.8407407407407408,0.2608680244880049,0.6074074074074075,2.7141230627957893,0.009033787988218822,0.02463760360423315
loss_of_function,77,heroin,0.30416666666666664,0.3410818165126302,0.5166666666666667,-2.209913213924626,0.031142281213971227,0.06639471121760364
loss_of_function,77,simvastatin,0.4166666666666667,0.39175530911810524,0.5125,-0.9013933273649637,0.3711221753045266,0.46528750336686925
loss_of_function,77,salbutamol,0.3,0.30889588321417727,0.4791666666666667,-1.79721622110778,0.07810305236620155,0.134992930015657
loss_of_function,77,sorafenib,0.125,0.25,0.5583333333333333,-5.078016790198608,5.740523245099078e-06,5.2413473107426365e-05
loss_of_function,77,paroxetine,0.19047619047619052,0.29814239699997197,0.6047619047619047,-4.1539151891288,0.00012584937561025214,0.0006445943628817793
loss_of_function,77,efavirenz,0.7476190476190478,0.06042179781166436,0.5857142857142856,2.351635187852693,0.02531769992924818,0.05596544194886441
loss_of_function,77,paclitaxel,0.9,0.16557465381632105,0.5095238095238096,4.2160867424943955,0.0001592306152879336,0.0007867865696580248
loss_of_function,77,fentanyl,0.052380952380952375,0.09391944249198104,0.4333333333333333,-5.5078772084693695,4.14974729065064e-06,4.149747290650641e-05
loss_of_function,77,ribavirin,0.1714285714285714,0.28187902070378557,0.37619047619047613,-2.109210264907533,0.04002260084327763,0.08004520168655525
loss_of_function,77,bupropion,0.0,0.0,0.42380952380952386,-5.147596585359636,1.6829546327511707e-05,0.00011780682429258195
loss_of_function,77,cytarabine,0.619047619047619,0.26427498905736396,0.5190476190476191,1.28634256316295,0.20364434683457813,0.29595372204333154
loss_of_function,77,hmg coa reductase inhibitors,0.819047619047619,0.3062463845869243,0.39999999999999997,4.208448765217859,0.00010254922910887248,0.0005667194240227164
loss_of_function,77,carbamazepine,0.6777777777777777,0.3624334762288909,0.4666666666666667,2.0863879200701265,0.0414095794240652,0.08203784602880841
loss_of_function,77,valproic acid,0.9944444444444446,0.02991758226185835,0.48333333333333334,7.070434123626194,8.306250518105156e-08,1.8361185355811397e-06
loss_of_function,77,phenytoin,0.8388888888888889,0.22559933893607725,0.6111111111111112,2.7709595886721017,0.007974901438576284,0.023099714511738204
loss_of_function,77,peginterferon alfa-2b,0.7444444444444446,0.3567687635111627,0.45,2.6326947080926217,0.011060798537481719,0.028500217090443692
loss_of_function,77,mercaptopurine,0.5722222222222222,0.39600629749326083,0.43333333333333335,1.3127833824302955,0.19443265538395585,0.2863572763557962
loss_of_function,77,pravastatin,0.1388888888888889,0.25849755831404087,0.47222222222222215,-3.5878958040700017,0.000784113434391005,0.0028888389688089657
missense,591,tramadol,0.9481598317560463,0.0641689454718245,0.36561514195583594,8.192386650464371,3.2235180971274415e-09,1.6923470009919067e-07
missense,591,fluorouracil,0.704761904761905,0.2347189181159924,0.5314285714285715,2.526601606029229,0.014374174848796214,0.03509972928194424
missense,591,methotrexate,0.45476190476190476,0.42697453815869124,0.48333333333333334,-0.25598132679425395,0.7988710501980402,0.8414092651306175
missense,591,warfarin,0.7285714285714285,0.2570693604548315,0.5714285714285714,1.9703889179065326,0.05396026945686942,0.10028957322173465
missense,591,nicotine,0.30317460317460315,0.2649843000336025,0.4841269841269842,-2.1606061857383048,0.035272402775214706,0.07197861481675298
missense,591,cyclophosphamide,0.5222222222222223,0.392962147262499,0.46825396825396814,0.5146425183004965,0.6087604569151362,0.6910253835252897
missense,591,ethanol,0.575925925925926,0.38261697244039145,0.5925925925925924,-0.16421392980636132,0.8701338972018025,0.902361078579647
missense,591,gemcitabine,0.7411764705882354,0.2693920705191466,0.49215686274509796,3.202554210316239,0.002241622207195378,0.007355322867359834
missense,591,opioids,0.403921568627451,0.44585320752520685,0.6725490196078431,-2.34519387689253,0.02246702305073266,0.05073198753391246
missense,591,cisplatin,0.8156862745098038,0.1795376179177976,0.384313725490196,5.266378783830824,5.023482333275796e-06,4.795142227217805e-05
missense,591,risperidone,0.3745098039215686,0.4218603641714879,0.5274509803921569,-1.3313711643259587,0.18830163887321505,0.2814472894190403
missense,591,docetaxel,0.8104166666666667,0.3101928723480853,0.44583333333333336,3.677983356912935,0.0005543293034628288,0.0021557250690221116
missense,591,methadone,0.5583333333333333,0.4365863475750116,0.5083333333333333,0.45216736321566325,0.6528445074257098,0.7320362506660476
missense,591,tumor necrosis factor alpha (tnf-alpha) inhibitors,0.1622222222222222,0.2894097867926343,0.4933333333333333,-3.469778482364823,0.0010663539297416779,0.0037322387540958727
missense,591,platinum compounds,0.40888888888888886,0.37858736780527746,0.5911111111111111,-1.7819699446942543,0.0800047933211559,0.1360405392505485
missense,591,duloxetine,0.39777777777777784,0.412573973913306,0.5244444444444445,-1.1171732097371867,0.2685613623567855,0.3607771217431567
missense,591,olanzapine,0.0022222222222222222,0.011967032904743343,0.4466666666666667,-5.234362854259935,1.3172460247756914e-05,9.706023340452463e-05
missense,591,antipsychotics,0.026190476190476188,0.10511304787925768,0.32380952380952377,-4.0597374311695225,0.00027932636604295066,0.0012480539759365879
missense,591,aspirin,0.7523809523809523,0.17855555485002544,0.5619047619047619,2.3683927741590036,0.022735029663986262,0.05106263346991567
missense,591,capecitabine,0.35128205128205126,0.2662348574896567,0.558974358974359,-2.571350382798484,0.012886784089747893,0.032216960224369734
missense,591,tacrolimus,0.6128205128205129,0.3944803254323195,0.5230769230769231,0.8371302711763869,0.40597050776191684,0.5000223262756747
missense,591,carboplatin,0.7846153846153847,0.24997041245033724,0.482051282051282,3.572422112118822,0.0007935594663041473,0.002898217181284712
missense,591,methylphenidate,0.7166666666666667,0.2683971628706925,0.4916666666666666,2.728532187393173,0.008564030746377441,0.02414022089582903
missense,591,clozapine,0.8638888888888889,0.2371545570943499,0.6138888888888889,2.7626210124925348,0.008249741501515563,0.023530069201136067
missense,591,doxorubicin,0.4111111111111111,0.3027140605738951,0.47222222222222215,-0.6811079100942953,0.4986384697858151,0.5900367764949318
missense,591,succinylcholine,0.7361111111111112,0.2591683041510732,0.625,1.3335888345972167,0.18812663498728988,0.2814472894190403
missense,591,sevoflurane,0.5151515151515151,0.2585542910024429,0.509090909090909,0.07465009332554617,0.9407731382394249,0.9567184456672116
missense,591,hydrochlorothiazide,0.03333333333333333,0.1795054935711501,0.5424242424242425,-5.9297372335028395,6.495478675706849e-07,1.0042267415024257e-05
missense,591,antidepressants,0.5606060606060606,0.41199864487549837,0.6545454545454544,-0.8729797114060356,0.3862745168239391,0.4799860859942438
missense,591,citalopram,0.18666666666666665,0.3667272677193351,0.45999999999999996,-2.4639113778114243,0.016917020848333138,0.039693568470949264
missense,591,atorvastatin,0.3166666666666667,0.35316033500695154,0.4466666666666666,-1.231400172661807,0.2234005519801759,0.3159199724972184
missense,591,morphine,0.9259259259259259,0.21532506449997976,0.5370370370370369,4.447341135972062,5.970915144590224e-05,0.0003483033834344297
missense,591,prednisolone,0.3333333333333333,0.3571722504071465,0.6,-2.9671426234437464,0.004372953463526529,0.013213240681159297
missense,591,metformin,0.18888888888888886,0.32854586716511247,0.42962962962962964,-2.6495816737543096,0.010391594609047853,0.027277935848750615
missense,591,corticosteroids,0.15555555555555556,0.18943276818584331,0.4037037037037037,-2.945478125229348,0.0053103311674761915,0.015818007732907802
missense,591,irinotecan,0.4037037037037037,0.43742920258052415,0.5407407407407407,-1.1812360456651643,0.2423318389271407,0.3337028601619642
missense,591,clopidogrel,0.4,0.33774853674601474,0.5518518518518519,-1.697143311855216,0.09503180336790716,0.15530489266350586
missense,591,epirubicin,0.5666666666666667,0.3874045747364749,0.4074074074074074,1.4769564206502714,0.1451617514703486,0.2266466008087227
missense,591,lithium,0.39629629629629626,0.4385566800212041,0.3888888888888889,0.06536963683677881,0.948104740961985,0.961845389381724
missense,591,rosuvastatin,0.2962962962962962,0.30943108998822844,0.4740740740740741,-1.9257994118749697,0.059286007551267915,0.10826140509361966
missense,591,atenolol,0.5814814814814814,0.4605269243062494,0.5037037037037037,0.6519935295481927,0.5169828643949278,0.6082151345822681
missense,591,imatinib,0.9185185185185186,0.23471080767044236,0.6074074074074075,3.733492276362263,0.0004994877315197323,0.0019979509260789293
missense,591,heroin,0.6875,0.36763602924631855,0.5166666666666667,1.7173529713324722,0.09126837892977352,0.1505598563028521
missense,591,simvastatin,0.7291666666666666,0.38606364616328337,0.5125,2.051835517708958,0.04473732263037536,0.08659524387020678
missense,591,salbutamol,0.6083333333333333,0.43027768811418626,0.4791666666666667,1.131465856582134,0.262517594846883,0.35566899946997044
missense,591,sorafenib,0.4666666666666667,0.44009153088369646,0.5583333333333333,-0.8436614877321075,0.4023844121473025,0.49706309735843246
missense,591,paroxetine,0.2476190476190476,0.3517368630975121,0.6047619047619047,-3.382565285889652,0.0013292008078549646,0.004613754870240373
missense,591,efavirenz,0.5285714285714287,0.3597996419021636,0.5857142857142856,-0.5997415464019628,0.5510150472853764,0.6375380712392784
missense,591,paclitaxel,0.6619047619047619,0.41153988793928514,0.5095238095238096,1.312823489140486,0.19450443660319178,0.2863572763557962
missense,591,fentanyl,0.5809523809523809,0.397155418323677,0.4333333333333333,1.4822295152336291,0.14374292941161823,0.22526876997343157
missense,591,ribavirin,0.4142857142857143,0.43853497599401126,0.37619047619047613,0.3301274687531583,0.7424931395623541,0.8076059232959166
missense,591,bupropion,0.29523809523809524,0.4284655953981711,0.42380952380952386,-1.122951460262454,0.26609041626269103,0.3593504013836985
missense,591,cytarabine,0.738095238095238,0.2906322765650881,0.5190476190476191,2.707013068238151,0.008931201597972609,0.02463760360423315
missense,591,hmg coa reductase inhibitors,0.2619047619047619,0.3726779962499649,0.39999999999999997,-1.28942694853717,0.2025066687646079,0.29532222528171986
missense,591,carbamazepine,0.6666666666666666,0.44513834720022505,0.4666666666666667,1.7858917572561435,0.07938666287198198,0.1360405392505485
missense,591,valproic acid,0.48333333333333334,0.3478771600989615,0.48333333333333334,0.0,1.0,1.0
missense,591,phenytoin,0.5166666666666667,0.35052870120771906,0.6111111111111112,-0.982568964185928,0.329928559293749,0.4211853948430838
missense,591,peginterferon alfa-2b,0.6944444444444445,0.43051075035687497,0.45,2.0292709141487553,0.04709408695946067,0.09073172716960312
missense,591,mercaptopurine,0.4,0.37168285963728287,0.43333333333333335,-0.3245410243918589,0.7467070235958256,0.8082911080160998
missense,591,pravastatin,0.5333333333333333,0.33719979789985594,0.47222222222222215,0.6036720809400338,0.5485448473607171,0.636433248319064
damaging_missense,159,tramadol,0.8267087276551,0.26218785543272055,0.36561514195583594,5.402320359745369,1.6847349044496063e-06,2.0216818853395275e-05
damaging_missense,159,fluorouracil,0.9438095238095238,0.07170739232030884,0.5314285714285715,7.549206885867455,1.1820919134603863e-08,4.513441851394202e-07
damaging_missense,159,methotrexate,0.1392857142857143,0.26234000631158916,0.48333333333333334,-3.721947415263073,0.0005149000713382906,0.0020401700939819065
damaging_missense,159,warfarin,0.3634920634920635,0.29392522568980056,0.5714285714285714,-2.4746161143819205,0.01635798118584065,0.038761540691213875
damaging_missense,159,nicotine,0.6587301587301588,0.33221657219958384,0.4841269841269842,1.9052230399358363,0.06175639070056,0.11132053259328412
damaging_missense,159,cyclophosphamide,0.43333333333333335,0.3908147970501481,0.46825396825396814,-0.3338861976941514,0.7396712964840446,0.8073748380887035
damaging_missense,159,ethanol,0.2129629629629629,0.2933008305973253,0.5925925925925924,-4.1874037358199905,0.00010517545472799073,0.000573684298516313
damaging_missense,159,gemcitabine,0.44313725490196076,0.25220290495393766,0.49215686274509796,-0.6471880732760311,0.5202045511313516,0.6098574666141082
damaging_missense,159,opioids,0.5352941176470588,0.43871207121552874,0.6725490196078431,-1.2083466053537706,0.23182162912768675,0.32166047176335605
damaging_missense,159,cisplatin,0.6196078431372549,0.4125296349728983,0.384313725490196,2.197365582402871,0.03200416286812231,0.06720874202305686
damaging_missense,159,risperidone,0.5705882352941176,0.421769218123373,0.5274509803921569,0.3755526752578465,0.7086262290809562,0.7852850032031705
damaging_missense,159,docetaxel,0.22083333333333333,0.3132213895775461,0.44583333333333336,-2.2623586262319235,0.027820762855508125,0.059921643073402114
damaging_missense,159,methadone,0.825,0.25535922410074274,0.5083333333333333,3.5619902554062595,0.0008320308320235738,0.00298677734572565
damaging_missense,159,tumor necrosis factor alpha (tnf-alpha) inhibitors,0.3,0.3805454175454157,0.4933333333333333,-1.825870796244439,0.07308038040912916,0.12842577310390899
damaging_missense,159,platinum compounds,0.08,0.15338163490433243,0.5911111111111111,-6.426272190399482,1.5990545931165884e-07,2.920012735256379e-06
damaging_missense,159,duloxetine,0.7533333333333334,0.4153178167246005,0.5244444444444445,2.0126291451716503,0.048834546389516294,0.09365529444564769
damaging_missense,159,olanzapine,0.20888888888888887,0.33763154729437683,0.4466666666666667,-2.2532902928910037,0.028372302226480135,0.06079779048531457
damaging_missense,159,antipsychotics,0.45476190476190476,0.4439630329241103,0.32380952380952377,1.2060247568044236,0.2328187033801394,0.32166047176335605
damaging_missense,159,aspirin,0.23333333333333334,0.25815497463675807,0.5619047619047619,-3.7525310173542894,0.00045656113266334696,0.0018596680523288135
damaging_missense,159,capecitabine,0.5871794871794871,0.334995854037363,0.558974358974359,0.31634047506486684,0.7528805905467186,0.8126129161632671
damaging_missense,159,tacrolimus,0.5564102564102564,0.4073696513893859,0.5230769230769231,0.3062223421560706,0.7605331826004524,0.8169410145580308
damaging_missense,159,carboplatin,0.31794871794871793,0.3345539780574378,0.482051282051282,-1.7416369555635514,0.08696389811378313,0.14551727971230644
damaging_missense,159,methylphenidate,0.7305555555555555,0.22014655612305067,0.4916666666666666,3.087357276593929,0.003334413639585221,0.010451147228550693
damaging_missense,159,clozapine,0.4083333333333334,0.4129556966641911,0.6138888888888889,-1.8663621682101466,0.06705377893946804,0.12035293655801957
damaging_missense,159,doxorubicin,0.31111111111111106,0.30802036168064695,0.47222222222222215,-1.7833132154093085,0.07997385985895264,0.1360405392505485
damaging_missense,159,succinylcholine,0.4638888888888889,0.3358814642469742,0.625,-1.745867546513947,0.08616862244224678,0.1447632857029746
damaging_missense,159,sevoflurane,0.20303030303030303,0.2662703666813779,0.509090909090909,-3.7305201185232444,0.00046048923200523004,0.0018596680523288135
damaging_missense,159,hydrochlorothiazide,0.0303030303030303,0.10841541709089887,0.5424242424242425,-6.272923186203881,4.4788053878763365e-07,7.234993318877158e-06
damaging_missense,159,antidepressants,0.603030303030303,0.4221702640690075,0.6545454545454544,-0.47279494485225076,0.6381360950455823,0.7204762363417866
damaging_missense,159,citalopram,0.17333333333333334,0.35207322470695723,0.45999999999999996,-2.623101624543581,0.011318948238472746,0.028987550366820446
damaging_missense,159,atorvastatin,0.22666666666666663,0.3129785225148134,0.4466666666666666,-2.175955562206097,0.034123420016277675,0.07060017934402278
damaging_missense,159,morphine,0.06296296296296296,0.1272802983514043,0.5370370370370369,-5.832744458591719,1.3750587723703174e-06,1.6986020129280393e-05
damaging_missense,159,prednisolone,0.08518518518518518,0.1536479149088262,0.6,-7.6810497882951205,1.7648107471461953e-09,1.2353675230023366e-07
damaging_missense,159,metformin,0.362962962962963,0.35824599375833327,0.42962962962962964,-0.7043386437122408,0.4840408671268595,0.5775487619127301
damaging_missense,159,corticosteroids,0.4518518518518518,0.40054832102506005,0.4037037037037037,0.4510960517601975,0.6536037952375424,0.7320362506660476
damaging_missense,159,irinotecan,0.5555555555555555,0.4331908597692873,0.5407407407407407,0.1283091639575766,0.8983485650147829,0.9247705816328646
damaging_missense,159,clopidogrel,0.4407407407407407,0.3843473794541579,0.5518518518518519,-1.1605551360271102,0.2506363386771067,0.34289010503056944
damaging_missense,159,epirubicin,0.08148148148148149,0.18129241852622843,0.4074074074074074,-3.7422573264982875,0.0005885224484096667,0.0022677011773583485
damaging_missense,159,lithium,0.5925925925925924,0.41705742993360734,0.3888888888888889,1.8437827892249872,0.07032662350461008,0.12569013562526057
damaging_missense,159,rosuvastatin,0.3925925925925926,0.38674896243575146,0.4740740740740741,-0.7998404581115459,0.42706716536043965,0.5229393861556404
damaging_missense,159,atenolol,0.5148148148148147,0.4421080564835725,0.5037037037037037,0.09507674351570931,0.9245816500305323,0.942534691778698
damaging_missense,159,imatinib,0.3888888888888889,0.3354868705765072,0.6074074074074075,-2.3130049827990273,0.02435148670805244,0.054114414906783204
damaging_missense,159,heroin,0.15416666666666667,0.2514195806924265,0.5166666666666667,-4.209885131682579,0.00010725131972858786,0.0005775071062308578
damaging_missense,159,simvastatin,0.058333333333333334,0.20344259359556174,0.5125,-5.265956875142938,4.462081861700802e-06,4.3583125160798534e-05
damaging_missense,159,salbutamol,0.4791666666666667,0.449633338275632,0.4791666666666667,0.0,1.0,1.0
damaging_missense,159,sorafenib,0.19166666666666668,0.3590109871423003,0.5583333333333333,-3.747870715643202,0.0004145415733340436,0.001741074608002983
damaging_missense,159,paroxetine,0.033333333333333326,0.06042179781166437,0.6047619047619047,-6.826180615740082,1.4073501889239567e-07,2.686759451582099e-06
damaging_missense,159,efavirenz,0.8000000000000002,0.15907898179514343,0.5857142857142856,2.892915673586916,0.006175374751403965,0.018137464304822836
damaging_missense,159,paclitaxel,0.1142857142857143,0.2566132111487139,0.5095238095238096,-3.9716822343967175,0.00025560435111578395,0.001202753431083002
damaging_missense,159,fentanyl,0.08095238095238093,0.1260781170940355,0.4333333333333333,-4.969643462370245,1.6491930533332915e-05,0.00011740018345762414
damaging_missense,159,ribavirin,0.009523809523809523,0.051287283877471446,0.37619047619047613,-4.454566437552216,0.0001095369446719767,0.0005775461112562048
damaging_missense,159,bupropion,0.3142857142857143,0.43236417001204447,0.42380952380952386,-0.9523936925659734,0.3448521282544,0.4377291333131999
damaging_missense,159,cytarabine,0.6142857142857143,0.18862192686036533,0.5190476190476191,1.3658519774545486,0.17854544273573256,0.2697449134856391
damaging_missense,159,hmg coa reductase inhibitors,0.638095238095238,0.3552010704566003,0.39999999999999997,2.2669204369914615,0.02731002513838965,0.059124796691359026
damaging_missense,159,carbamazepine,0.12222222222222223,0.23544022333796766,0.4666666666666667,-3.9457919031566724,0.0002671862961262893,0.0012189523819374228
damaging_missense,159,valproic acid,0.5611111111111112,0.3738769190753609,0.48333333333333334,0.77719898171139,0.4402042883251105,0.5374587241178674
damaging_missense,159,phenytoin,0.5055555555555556,0.3428727583157661,0.6111111111111112,-1.1092088808180796,0.2719681168128429,0.36377900974966243
damaging_missense,159,peginterferon alfa-2b,0.22777777777777777,0.3638358740007321,0.45,-1.9731372691732583,0.053628942767479613,0.10028957322173465
damaging_missense,159,mercaptopurine,0.8111111111111111,0.32126293988446586,0.43333333333333335,3.9080548791561998,0.00025773287808921467,0.001202753431083002
damaging_missense,159,pravastatin,0.5722222222222222,0.3063625706436053,0.47222222222222215,1.0225588150116474,0.3112040286890762,0.40351956999469923
high_CADD_ge20,307,tramadol,0.602944269190326,0.37786718614815584,0.36561514195583594,2.39275894981404,0.01998113852862707,0.04585835072143918
high_CADD_ge20,307,fluorouracil,0.7066666666666667,0.25361960195207917,0.5314285714285715,2.4721439390142788,0.016427510102466833,0.038761540691213875
high_CADD_ge20,307,methotrexate,0.2916666666666667,0.3779738470118579,0.48333333333333334,-1.8193942843958795,0.07407902415071889,0.12963829226375806
high_CADD_ge20,307,warfarin,0.4396825396825397,0.3025923104178477,0.5714285714285714,-1.5484595130567052,0.12703979928376152,0.201342007600458
high_CADD_ge20,307,nicotine,0.5761904761904761,0.3297654861991064,0.4841269841269842,1.007935109400629,0.31771479269835823,0.40932580654389705
high_CADD_ge20,307,cyclophosphamide,0.27460317460317457,0.3266179179076248,0.46825396825396814,-2.0026277498815253,0.05011369842451419,0.09523870288821701
high_CADD_ge20,307,ethanol,0.4277777777777778,0.3838697267018973,0.5925925925925924,-1.6212896891352573,0.11038142193737452,0.17694731760953167
high_CADD_ge20,307,gemcitabine,0.8019607843137256,0.15819288981592117,0.49215686274509796,4.6670090619637286,3.0713923667482224e-05,0.00019253504388570946
high_CADD_ge20,307,opioids,0.4666666666666667,0.46762136649940045,0.6725490196078431,-1.752208435876823,0.08506832983507197,0.14348874911939852
high_CADD_ge20,307,cisplatin,0.596078431372549,0.3508872699336084,0.384313725490196,2.134422422503474,0.03712733811720162,0.07496866350588788
high_CADD_ge20,307,risperidone,0.47843137254901963,0.40291135808757084,0.5274509803921569,-0.4357111992586926,0.6646851315197864,0.7404980245048017
high_CADD_ge20,307,docetaxel,0.2625,0.31308278990282007,0.44583333333333336,-1.8436823200282415,0.07085261203329259,0.12609363158467324
high_CADD_ge20,307,methadone,0.5375,0.4340938838546335,0.5083333333333333,0.26457513110645914,0.7922792278008419,0.8381795357086993
high_CADD_ge20,307,tumor necrosis factor alpha (tnf-alpha) inhibitors,0.38222222222222224,0.390605734092797,0.4933333333333333,-1.0370516748689158,0.3040459236728516,0.39906027482061773
high_CADD_ge20,307,platinum compounds,0.3844444444444444,0.4101249433231323,0.5911111111111111,-1.9429015494570707,0.056890472339463746,0.1047982385200648
high_CADD_ge20,307,duloxetine,0.40444444444444444,0.4112972551558853,0.5244444444444445,-1.0598708641488486,0.29363257207984417,0.3866008786004218
high_CADD_ge20,307,olanzapine,0.3088888888888889,0.37573959987414185,0.4466666666666667,-1.253931164987361,0.21508503764955697,0.30622276546716587
high_CADD_ge20,307,antipsychotics,0.43809523809523815,0.43437864502785567,0.32380952380952377,1.0657324618722561,0.29103713449902324,0.3843886682062571
high_CADD_ge20,307,aspirin,0.6214285714285714,0.3108852840903628,0.5619047619047619,0.6381100359931513,0.5260506015823607,0.612025630649838
high_CADD_ge20,307,capecitabine,0.41282051282051285,0.3236157492902526,0.558974358974359,-1.6665330332080925,0.10101937007964519,0.16445013733895728
high_CADD_ge20,307,tacrolimus,0.5871794871794872,0.4376210267464586,0.5230769230769231,0.568136283292508,0.5721385518602732,0.6579754989500946
high_CADD_ge20,307,carboplatin,0.6076923076923078,0.33784909624611925,0.482051282051282,1.3277399535706047,0.18954178130248311,0.2822962700249748
high_CADD_ge20,307,methylphenidate,0.6777777777777776,0.2868517920761241,0.4916666666666666,2.2004868685406973,0.031941892741716285,0.06720874202305686
high_CADD_ge20,307,clozapine,0.7805555555555556,0.3398551797602569,0.6138888888888889,1.6476194183660235,0.1051033793271891,0.170187544858116
high_CADD_ge20,307,doxorubicin,0.5999999999999999,0.3839367231815776,0.47222222222222215,1.2794810734468551,0.20582439295118307,0.2980905001361962
high_CADD_ge20,307,succinylcholine,0.672222222222222,0.2821325316798805,0.625,0.5500475019770981,0.5845360295599072,0.6653255621007074
high_CADD_ge20,307,sevoflurane,0.6909090909090909,0.3083770723202073,0.509090909090909,2.090374006173438,0.04105614861408078,0.08172313942139302
high_CADD_ge20,307,hydrochlorothiazide,0.6909090909090909,0.41699436149744423,0.5424242424242425,1.3412555840668343,0.1850685951760912,0.27859788521132006
high_CADD_ge20,307,antidepressants,0.5272727272727272,0.38455011101128017,0.6545454545454544,-1.2232393454735238,0.22620258803468885,0.3188090166931856
high_CADD_ge20,307,citalopram,0.76,0.42079290234825334,0.45999999999999996,2.556112598358554,0.013262224162073418,0.03276549498865198
high_CADD_ge20,307,atorvastatin,0.4833333333333333,0.4050377211514449,0.4466666666666666,0.3279365339270743,0.744151172179809,0.8076059232959166
high_CADD_ge20,307,morphine,0.3,0.3468256995143546,0.5370370370370369,-2.3475509874889893,0.022453236406934605,0.05073198753391246
high_CADD_ge20,307,prednisolone,0.14814814814814817,0.17992530076283136,0.6,-6.525676322048318,5.1052473931748955e-08,1.3401274407084102e-06
high_CADD_ge20,307,metformin,0.5222222222222223,0.33597716951634377,0.42962962962962964,1.0087196329090666,0.317323083957762,0.40932580654389705
high_CADD_ge20,307,corticosteroids,0.6629629629629629,0.32896312141906164,0.4037037037037037,2.6471861357526847,0.010554050724502372,0.027532306237832274
high_CADD_ge20,307,irinotecan,0.8222222222222223,0.31894889098682944,0.5407407407407407,2.7643454631098594,0.00784988960707152,0.0228955113539586
high_CADD_ge20,307,clopidogrel,0.28888888888888886,0.31894889098682944,0.5518518518518519,-3.0203573467952594,0.003758381470865703,0.011572786548556369
high_CADD_ge20,307,epirubicin,0.27777777777777773,0.34396621520382803,0.4074074074074074,-1.2631522312841628,0.21184395914779405,0.30263422735399154
high_CADD_ge20,307,lithium,0.19629629629629627,0.3759031191768148,0.3888888888888889,-1.8295878735123499,0.07252768511622346,0.1279900325580414
high_CADD_ge20,307,rosuvastatin,0.39999999999999997,0.3991761062313327,0.4740740740740741,-0.7156088751251396,0.4771058746752805,0.5741675282625152
high_CADD_ge20,307,atenolol,0.6777777777777778,0.4160860151656877,0.5037037037037037,1.5333929096545904,0.13064543709470328,0.20550967632874673
high_CADD_ge20,307,imatinib,0.2851851851851851,0.3888183357517174,0.6074074074074075,-3.1815484285964812,0.0023540342204691395,0.007664297461992547
high_CADD_ge20,307,heroin,0.5,0.3832427429188973,0.5166666666666667,-0.16422689177859962,0.8701236700815018,0.902361078579647
high_CADD_ge20,307,simvastatin,0.4666666666666667,0.39122315314351674,0.5125,-0.4313754085089168,0.6678013642077215,0.7420015157863573
high_CADD_ge20,307,salbutamol,0.5,0.3939648884524271,0.4791666666666667,0.19018049480333607,0.849839493131107,0.8901062022819575
high_CADD_ge20,307,sorafenib,0.2833333333333333,0.39122315314351674,0.5583333333333333,-2.6959885812777005,0.009169862953286284,0.024688092566539997
high_CADD_ge20,307,paroxetine,0.0047619047619047615,0.025643641938735723,0.6047619047619047,-7.220864446325549,5.7473046938969284e-08,1.374589374283253e-06
high_CADD_ge20,307,efavirenz,0.38571428571428557,0.34036794816206534,0.5857142857142856,-2.155532770775142,0.03530379679107408,0.07197861481675298
high_CADD_ge20,307,paclitaxel,0.5714285714285714,0.35571141708539233,0.5095238095238096,0.5652173913043468,0.5742672641490747,0.6579754989500946
high_CADD_ge20,307,fentanyl,0.5619047619047618,0.4056293226485114,0.4333333333333333,1.2759738856850973,0.20712103907040513,0.2989375821634713
high_CADD_ge20,307,ribavirin,0.37619047619047613,0.4614135827336098,0.37619047619047613,0.0,1.0,1.0
high_CADD_ge20,307,bupropion,0.6619047619047619,0.39980153806766405,0.42380952380952386,2.147683897937788,0.03597428835213748,0.0729913096999891
high_CADD_ge20,307,cytarabine,0.438095238095238,0.24448566958082735,0.5190476190476191,-1.0725885148410104,0.2882359408965141,0.381889890146801
high_CADD_ge20,307,hmg coa reductase inhibitors,0.6904761904761904,0.3708481423321436,0.39999999999999997,2.7178068532023327,0.008714420707129687,0.024400377979963122
high_CADD_ge20,307,carbamazepine,0.2611111111111111,0.3540331992523293,0.4666666666666667,-2.0523907260333476,0.044740875999606834,0.08659524387020678
high_CADD_ge20,307,valproic acid,0.722222222222222,0.302254900194121,0.48333333333333334,2.6150604204153955,0.011504154983293295,0.029283303593837476
high_CADD_ge20,307,phenytoin,0.6222222222222222,0.3247030932489436,0.6111111111111112,0.11955231094273973,0.9052612616775966,0.9287961196519146
high_CADD_ge20,307,peginterferon alfa-2b,0.6666666666666666,0.4260064336151292,0.45,1.8069744221465351,0.07604106935047945,0.13197210383141061
high_CADD_ge20,307,mercaptopurine,0.7222222222222222,0.39283710065919314,0.43333333333333335,2.741165816672894,0.008129352712020971,0.023385809171567178
high_CADD_ge20,307,pravastatin,0.5666666666666667,0.3590109871423003,0.47222222222222215,0.9099891368727221,0.366709072328745,0.4625159470813
rare_gnomAD_lt1pct,1230,tramadol,0.998527865404837,0.0037087680522709496,0.36561514195583594,9.027948027896407,6.357382025723996e-10,8.027291984987628e-08
rare_gnomAD_lt1pct,1230,fluorouracil,0.6342857142857142,0.2663331247391757,0.5314285714285715,1.4192067890085087,0.16121596448050732,0.24802456073924203
rare_gnomAD_lt1pct,1230,methotrexate,0.3261904761904762,0.39541734317483695,0.48333333333333334,-1.4613633720119559,0.14933707479811864,0.23228857485135226
rare_gnomAD_lt1pct,1230,warfarin,0.35555555555555546,0.24735435588372717,0.5714285714285714,-2.743486387291162,0.008291548194686043,0.023530069201136067
rare_gnomAD_lt1pct,1230,nicotine,0.3682539682539682,0.3404974648328107,0.4841269841269842,-1.2501595250195836,0.21628587263792698,0.3068921165808423
rare_gnomAD_lt1pct,1230,cyclophosphamide,0.6476190476190478,0.3794812865783895,0.46825396825396814,1.7390577673877554,0.08735340405967446,0.1455890067661241
rare_gnomAD_lt1pct,1230,ethanol,0.12777777777777777,0.28114624286399986,0.5925925925925924,-5.203799844582939,3.2655577796024526e-06,3.367201903863469e-05
rare_gnomAD_lt1pct,1230,gemcitabine,0.3215686274509804,0.30668572229046515,0.49215686274509796,-2.0706798683768546,0.042858153490482415,0.08428595595767044
rare_gnomAD_lt1pct,1230,opioids,0.1901960784313725,0.36251184869736647,0.6725490196078431,-4.642050822535443,2.0957523967578465e-05,0.00013753375103723366
rare_gnomAD_lt1pct,1230,cisplatin,0.45294117647058824,0.3767002975667144,0.384313725490196,0.6700207120230139,0.505515513805035,0.596394707298075
rare_gnomAD_lt1pct,1230,risperidone,0.25686274509803925,0.36403585933527,0.5274509803921569,-2.509191021302643,0.015050493839833538,0.03626941949349702
rare_gnomAD_lt1pct,1230,docetaxel,0.36666666666666664,0.37698548454225067,0.44583333333333336,-0.7411828007769057,0.46163224101116007,0.5587479574198478
rare_gnomAD_lt1pct,1230,methadone,0.4895833333333333,0.43722709742446453,0.5083333333333333,-0.16942905418452406,0.8660521672146253,0.902361078579647
rare_gnomAD_lt1pct,1230,tumor necrosis factor alpha (tnf-alpha) inhibitors,0.37555555555555553,0.37731344012473955,0.4933333333333333,-1.1165256058050772,0.26886485501335244,0.3607771217431567
rare_gnomAD_lt1pct,1230,platinum compounds,0.4977777777777777,0.3770188455190844,0.5911111111111111,-0.9145051362668432,0.36425086076495206,0.46079928169060197
rare_gnomAD_lt1pct,1230,duloxetine,0.23333333333333334,0.39015666369065416,0.5244444444444445,-2.631842711032831,0.010913175699480507,0.028293418480134648
rare_gnomAD_lt1pct,1230,olanzapine,0.4066666666666666,0.45683289756353607,0.4466666666666667,-0.3333215085995347,0.7400936015813115,0.8073748380887035
rare_gnomAD_lt1pct,1230,antipsychotics,0.45714285714285713,0.45385724028357544,0.32380952380952377,1.2123049360282885,0.23045970088373144,0.32166047176335605
rare_gnomAD_lt1pct,1230,aspirin,0.4333333333333333,0.3537617733592049,0.5619047619047619,-1.3065160753497664,0.19659504893262741,0.287700071608723
rare_gnomAD_lt1pct,1230,capecitabine,0.2615384615384616,0.274921541613953,0.558974358974359,-3.637515692380611,0.0006056754153077539,0.0023125788584477877
rare_gnomAD_lt1pct,1230,tacrolimus,0.5538461538461539,0.41916607357783475,0.5230769230769231,0.2787398684554783,0.7814359272356897,0.8308938973138977
rare_gnomAD_lt1pct,1230,carboplatin,0.2717948717948718,0.304944999944995,0.482051282051282,-2.318351122983252,0.024153053230871767,0.05395894870726671
rare_gnomAD_lt1pct,1230,methylphenidate,0.4277777777777778,0.34809889328490096,0.4916666666666666,-0.6932045138646205,0.49094863282236717,0.5841315178056493
rare_gnomAD_lt1pct,1230,clozapine,0.26666666666666666,0.3660348091117585,0.6138888888888889,-3.3304048853502364,0.0015292340506996576,0.005138226410350849
rare_gnomAD_lt1pct,1230,doxorubicin,0.5,0.36955929710139085,0.47222222222222215,0.2835082717189008,0.7777971416889734,0.8291238566227636
rare_gnomAD_lt1pct,1230,succinylcholine,0.6027777777777777,0.30783242595466737,0.625,-0.25012637539351645,0.8033995720648742,0.843569550668118
rare_gnomAD_lt1pct,1230,sevoflurane,0.42424242424242425,0.3255284606544433,0.509090909090909,-0.9521993917283872,0.34497224553968847,0.4377291333131999
rare_gnomAD_lt1pct,1230,hydrochlorothiazide,0.4696969696969696,0.4341378418755879,0.5424242424242425,-0.6438579309066133,0.5222064418443317,0.6098574666141082
rare_gnomAD_lt1pct,1230,antidepressants,0.1696969696969697,0.2929223266325957,0.6545454545454544,-5.202617664916716,3.2870304299619577e-06,3.367201903863469e-05
rare_gnomAD_lt1pct,1230,citalopram,0.37,0.46558207296530074,0.45999999999999996,-0.7313526238016486,0.4675088611854304,0.5642348324651746
rare_gnomAD_lt1pct,1230,atorvastatin,0.41333333333333333,0.4161196409153929,0.4466666666666666,-0.29445160212466337,0.7694690198514916,0.8223333036580827
rare_gnomAD_lt1pct,1230,morphine,0.4222222222222223,0.3937787810370967,0.5370370370370369,-1.0756012715668546,0.2865764070589497,0.3808926929264521
rare_gnomAD_lt1pct,1230,prednisolone,0.2592592592592592,0.2539131333481868,0.6,-4.4355669951847245,4.480100681613049e-05,0.00026880604089678294
rare_gnomAD_lt1pct,1230,metformin,0.26296296296296295,0.34722098765212617,0.42962962962962964,-1.7878104654222238,0.07904072179053111,0.1360405392505485
rare_gnomAD_lt1pct,1230,corticosteroids,0.3851851851851852,0.3648477142525852,0.4037037037037037,-0.1811513842526652,0.8568896154570811,0.8952578071939652
rare_gnomAD_lt1pct,1230,irinotecan,0.3296296296296296,0.36681628073661493,0.5407407407407407,-1.9685868493309353,0.053965341781219124,0.10028957322173465
rare_gnomAD_lt1pct,1230,clopidogrel,0.5925925925925927,0.2887939065128582,0.5518518518518519,0.4887599015929326,0.6269092357493332,0.7097085687728301
rare_gnomAD_lt1pct,1230,epirubicin,0.4962962962962963,0.36258483705245687,0.4074074074074074,0.8480895837874867,0.39998047315242674,0.49555102868442247
rare_gnomAD_lt1pct,1230,lithium,0.18518518518518517,0.3446634110853879,0.3888888888888889,-2.0067021053095435,0.04964838345411433,0.09478327750330917
rare_gnomAD_lt1pct,1230,rosuvastatin,0.4629629629629629,0.3785214176883971,0.4740740740740741,-0.11022827374902683,0.9126091553584067,0.9325932974465471
rare_gnomAD_lt1pct,1230,atenolol,0.3518518518518518,0.36524227635770407,0.5037037037037037,-1.4149539009700292,0.16264423445999887,0.24930868055912234
rare_gnomAD_lt1pct,1230,imatinib,0.562962962962963,0.39119247189661904,0.6074074074074075,-0.4374746293547278,0.6633927276111105,0.7404980245048017
rare_gnomAD_lt1pct,1230,heroin,0.3541666666666667,0.3681079627259131,0.5166666666666667,-1.632592240398462,0.10799013513259527,0.17377722894900388
rare_gnomAD_lt1pct,1230,simvastatin,0.6208333333333333,0.4037368848919086,0.5125,1.0044676320721329,0.3193302818393858,0.4101489858487524
rare_gnomAD_lt1pct,1230,salbutamol,0.5416666666666666,0.3698723503528691,0.4791666666666667,0.5862528368613175,0.5600457842514587,0.6462066741362984
rare_gnomAD_lt1pct,1230,sorafenib,0.6958333333333333,0.4091191418428404,0.5583333333333333,1.3170965045952092,0.19300435839449792,0.2863572763557962
rare_gnomAD_lt1pct,1230,paroxetine,0.33809523809523806,0.35853696160154414,0.6047619047619047,-2.506990916502295,0.015137650148812092,0.03626941949349702
rare_gnomAD_lt1pct,1230,efavirenz,0.4714285714285715,0.3559981655536318,0.5857142857142856,-1.2057304428367421,0.2328209128953815,0.32166047176335605
rare_gnomAD_lt1pct,1230,paclitaxel,0.6333333333333332,0.3512530210649529,0.5095238095238096,1.1355911069638989,0.2611738911320519,0.35522088287548
rare_gnomAD_lt1pct,1230,fentanyl,0.4000000000000001,0.3786837209918294,0.4333333333333333,-0.34335981056634135,0.7325723321296467,0.8054460196189832
rare_gnomAD_lt1pct,1230,ribavirin,0.6761904761904762,0.41556998531945577,0.37619047619047613,2.6684046815832363,0.009873511441869005,0.02624604307332267
rare_gnomAD_lt1pct,1230,bupropion,0.5000000000000001,0.45885097546706255,0.42380952380952386,0.6430405661043381,0.5227349713835213,0.6098574666141082
rare_gnomAD_lt1pct,1230,cytarabine,0.380952380952381,0.3505745203677326,0.5190476190476191,-1.5563376594810012,0.125099881827623,0.19902253927121838
rare_gnomAD_lt1pct,1230,hmg coa reductase inhibitors,0.5952380952380952,0.37990928622453707,0.39999999999999997,1.8082505184906132,0.07586362822293297,0.13197210383141061
rare_gnomAD_lt1pct,1230,carbamazepine,0.3777777777777779,0.35468643776694153,0.4666666666666667,-0.8868149062606581,0.3789089579579714,0.47363619744746427
rare_gnomAD_lt1pct,1230,valproic acid,0.438888888888889,0.34016154477425853,0.48333333333333334,-0.4637496427711131,0.6445926874533591,0.7258148223335411
rare_gnomAD_lt1pct,1230,phenytoin,0.4611111111111111,0.3093701287183523,0.6111111111111112,-1.6462190542941704,0.10535419443597656,0.170187544858116
rare_gnomAD_lt1pct,1230,peginterferon alfa-2b,0.538888888888889,0.46881120999532855,0.45,0.7094519250085278,0.4808898258866443,0.5770677910639731
rare_gnomAD_lt1pct,1230,mercaptopurine,0.46111111111111114,0.41873560413802824,0.43333333333333335,0.2553731305737077,0.7993388018740867,0.8414092651306175
rare_gnomAD_lt1pct,1230,pravastatin,0.5,0.3626037527129049,0.47222222222222215,0.2665400646721868,0.7907943564166168,0.8381795357086993
regulatory_UTR_upstream,603,tramadol,0.3601472134595162,0.3340355727219681,0.36561514195583594,-0.058414753591032646,0.9536220283334179,0.9651114503615313
regulatory_UTR_upstream,603,fluorouracil,0.2504761904761905,0.14876970895936736,0.5314285714285715,-4.702272446936958,2.593020939001502e-05,0.0001675490452893278
regulatory_UTR_upstream,603,methotrexate,0.1273809523809524,0.2856671588117591,0.48333333333333334,-3.75509262700991,0.00044633236328775445,0.0018560355701074938
regulatory_UTR_upstream,603,warfarin,0.6492063492063491,0.24077329857173663,0.5714285714285714,0.9974248515887596,0.3231851807921725,0.41383468272168433
regulatory_UTR_upstream,603,nicotine,0.6682539682539683,0.23473287219730748,0.4841269841269842,2.2850614010462027,0.026631822095998032,0.05795526051978847
regulatory_UTR_upstream,603,cyclophosphamide,0.41111111111111115,0.3722179916502399,0.46825396825396814,-0.5590049098022579,0.5783262050119043,0.6600462122418473
regulatory_UTR_upstream,603,ethanol,0.475925925925926,0.3930160190384744,0.5925925925925924,-1.1342862673961842,0.2613410781155317,0.35522088287548
regulatory_UTR_upstream,603,gemcitabine,0.1549019607843137,0.18631578490077289,0.49215686274509796,-4.89824874449085,1.2059751913722647e-05,9.20926509775184e-05
regulatory_UTR_upstream,603,opioids,0.8372549019607844,0.26380383703948485,0.6725490196078431,1.7693576116270546,0.08313812032301075,0.1407984295792924
regulatory_UTR_upstream,603,cisplatin,0.3470588235294117,0.3807204970655154,0.384313725490196,-0.3619189117986894,0.7187321091608285,0.7923031124607559
regulatory_UTR_upstream,603,risperidone,0.16470588235294117,0.31873452197986035,0.5274509803921569,-3.5295158959202078,0.0008797794247070247,0.0031051038519071456
regulatory_UTR_upstream,603,docetaxel,0.8833333333333333,0.18731472327490847,0.44583333333333336,4.979986318198536,1.3027737887037988e-05,9.706023340452463e-05
regulatory_UTR_upstream,603,methadone,0.08541666666666667,0.17859647641789828,0.5083333333333333,-5.145741150129472,7.491359123256873e-06,6.292741663535774e-05
regulatory_UTR_upstream,603,tumor necrosis factor alpha (tnf-alpha) inhibitors,0.9311111111111111,0.16907884054779787,0.4933333333333333,5.157857927904172,8.116291094891606e-06,6.684004431087205e-05
regulatory_UTR_upstream,603,platinum compounds,0.3577777777777777,0.2696957590863004,0.5911111111111111,-2.6050611263611025,0.012015770396160816,0.030219302792739777
regulatory_UTR_upstream,603,duloxetine,0.23333333333333334,0.36988486697189277,0.5244444444444445,-2.6909168743787513,0.009380146143127667,0.025093384586710954
regulatory_UTR_upstream,603,olanzapine,0.7,0.4187282332651254,0.4466666666666667,2.2007716351227065,0.031778076677221066,0.06720874202305686
regulatory_UTR_upstream,603,antipsychotics,0.07619047619047618,0.23613478606128452,0.32380952380952377,-2.9775113384321137,0.00452749371913009,0.013582481157390271
regulatory_UTR_upstream,603,aspirin,0.761904761904762,0.2958518965144584,0.5619047619047619,2.1838831277267667,0.033352492132274064,0.06934676581957974
regulatory_UTR_upstream,603,capecitabine,0.7487179487179488,0.24075270962677953,0.558974358974359,2.433694795276674,0.018423611381438238,0.04275092143759149
regulatory_UTR_upstream,603,tacrolimus,0.3794871794871795,0.3629450723942666,0.5230769230769231,-1.3901480810359086,0.16991272860579257,0.25856284787838
regulatory_UTR_upstream,603,carboplatin,0.49487179487179495,0.32857551216217623,0.482051282051282,0.13712523522169892,0.8914171212931363,0.9198899040371432
regulatory_UTR_upstream,603,methylphenidate,0.7055555555555555,0.29165343885348194,0.4916666666666666,2.512154341349009,0.014910175993305456,0.03619811512825602
regulatory_UTR_upstream,603,clozapine,0.4611111111111112,0.40007715305308517,0.6138888888888889,-1.4082783110646957,0.1644070950745223,0.25109447247745226
regulatory_UTR_upstream,603,doxorubicin,0.33055555555555555,0.23715455709434993,0.47222222222222215,-1.7142126674218563,0.09282552449325616,0.15229187612174838
regulatory_UTR_upstream,603,succinylcholine,0.44999999999999996,0.3001542813164467,0.625,-1.9901429440499057,0.05147917562673489,0.09695629490237065
regulatory_UTR_upstream,603,sevoflurane,0.09999999999999999,0.07177405625652734,0.509090909090909,-6.123072723611385,8.210692081102207e-07,1.1494968913543089e-05
regulatory_UTR_upstream,603,hydrochlorothiazide,0.060606060606060615,0.21555659689428772,0.5424242424242425,-5.433960898678869,2.4279884055676993e-06,2.6835661324695624e-05
regulatory_UTR_upstream,603,antidepressants,0.09696969696969696,0.1801947726947698,0.6545454545454544,-6.73889946188892,4.3794912253899087e-08,1.2262575431091743e-06
regulatory_UTR_upstream,603,citalopram,0.13,0.3001666203960728,0.45999999999999996,-3.1789809688011657,0.0025566996529159287,0.008260106570959155
regulatory_UTR_upstream,603,atorvastatin,0.7699999999999999,0.34559128075420736,0.4466666666666666,3.0880835063312775,0.0031637229242674116,0.010066391122669037
regulatory_UTR_upstream,603,morphine,0.17037037037037037,0.2807006714295765,0.5370370370370369,-3.916590831195379,0.0002693566868166148,0.0012189523819374228
regulatory_UTR_upstream,603,prednisolone,0.029629629629629627,0.08574694002066834,0.6,-9.096345605166047,1.651174712665566e-10,3.4674668965976885e-08
regulatory_UTR_upstream,603,metformin,0.20370370370370372,0.15735293174998516,0.42962962962962964,-3.078123478332533,0.0037749327551243393,0.011572786548556369
regulatory_UTR_upstream,603,corticosteroids,0.1037037037037037,0.12149051456930905,0.4037037037037037,-3.759073686372306,0.0006421964275838471,0.0024082366034394263
regulatory_UTR_upstream,603,irinotecan,0.2518518518518518,0.3628117598891395,0.5407407407407407,-2.7057338839254697,0.009027592162188815,0.02463760360423315
regulatory_UTR_upstream,603,clopidogrel,0.23703703703703705,0.29915289638975806,0.5518518518518519,-3.720963488891969,0.00045623828056465574,0.0018596680523288135
regulatory_UTR_upstream,603,epirubicin,0.30740740740740746,0.2892922160767186,0.4074074074074074,-1.0348518701687857,0.30565699635296023,0.3999250419571442
regulatory_UTR_upstream,603,lithium,0.27777777777777773,0.33914683565041154,0.3888888888888889,-1.1015394324938683,0.27543217580402385,0.3672429010720318
regulatory_UTR_upstream,603,rosuvastatin,0.4444444444444445,0.36288736930121157,0.4740740740740741,-0.2998998346705666,0.765330944675319,0.8199974407235561
regulatory_UTR_upstream,603,atenolol,0.014814814814814814,0.06241592424575079,0.5037037037037037,-5.821879846551205,2.2613885080926513e-06,2.6143425034962626e-05
regulatory_UTR_upstream,603,imatinib,0.45185185185185184,0.3837580399107739,0.6074074074074075,-1.5461136082835665,0.1275166048136234,0.201342007600458
regulatory_UTR_upstream,603,heroin,0.175,0.15,0.5166666666666667,-4.407029878568742,8.502647076240949e-05,0.00047614823626949314
regulatory_UTR_upstream,603,simvastatin,0.125,0.27003086243366087,0.5125,-4.196736521388465,0.0001117670753955184,0.0005795329835323177
regulatory_UTR_upstream,603,salbutamol,0.8708333333333333,0.28592564107162927,0.4791666666666667,4.025371665844677,0.00019348355487374937,0.0009340585407698245
regulatory_UTR_upstream,603,sorafenib,0.09166666666666666,0.1934697794373983,0.5583333333333333,-5.8253178761513915,6.694844943349505e-07,1.0042267415024257e-05
regulatory_UTR_upstream,603,paroxetine,0.07142857142857142,0.2325545799442815,0.6047619047619047,-5.702688034034204,9.444345720268162e-07,1.2795565169395574e-05
regulatory_UTR_upstream,603,efavirenz,0.2142857142857143,0.3124404705204619,0.5857142857142856,-4.157821298967118,0.00011000878309641998,0.0005775461112562048
regulatory_UTR_upstream,603,paclitaxel,0.28095238095238095,0.3660477150662403,0.5095238095238096,-2.0649319218162625,0.043682967149197366,0.08533416838447858
regulatory_UTR_upstream,603,fentanyl,0.26666666666666666,0.29677021811205495,0.4333333333333333,-1.9223726194702848,0.0596568086899669,0.10846692489084891
regulatory_UTR_upstream,603,ribavirin,0.44285714285714284,0.4597396482985638,0.37619047619047613,0.5639813702686225,0.574945257415916,0.6579754989500946
regulatory_UTR_upstream,603,bupropion,0.8523809523809524,0.2961966007635045,0.42380952380952386,4.328399873139742,7.093682246704247e-05,0.0004081296635090115
regulatory_UTR_upstream,603,cytarabine,0.6714285714285714,0.25057756413186416,0.5190476190476191,2.0008086798632223,0.05040409611701158,0.09535910076191381
regulatory_UTR_upstream,603,hmg coa reductase inhibitors,0.1714285714285714,0.31167748898959186,0.39999999999999997,-2.282237098549225,0.026576927801577926,0.05795526051978847
regulatory_UTR_upstream,603,carbamazepine,0.7111111111111111,0.3218388523991164,0.4666666666666667,2.5374262767796316,0.014027538484799679,0.03445360329599921
regulatory_UTR_upstream,603,valproic acid,0.4722222222222222,0.3279660476254542,0.48333333333333334,-0.11775248050496838,0.906681926326869,0.9287961196519146
regulatory_UTR_upstream,603,phenytoin,0.7222222222222222,0.2799911815189812,0.6111111111111112,1.265784319997439,0.2110994808423494,0.30263422735399154
regulatory_UTR_upstream,603,peginterferon alfa-2b,0.28888888888888886,0.394248777760226,0.45,-1.3876962023795765,0.17075958958437437,0.25891345713154235
regulatory_UTR_upstream,603,mercaptopurine,0.6555555555555556,0.40809705938237684,0.43333333333333335,2.069686965677092,0.04294570136890827,0.08428595595767044
regulatory_UTR_upstream,603,pravastatin,0.9444444444444445,0.14487116456005888,0.47222222222222215,5.623736755426915,2.303111253080041e-06,2.6143425034962626e-05
intronic,1087,tramadol,0.8785488958990536,0.18490173290364498,0.36561514195583594,6.571060663681232,5.891097318356799e-08,1.374589374283253e-06
intronic,1087,fluorouracil,0.3047619047619048,0.2244064986670193,0.5314285714285715,-3.3628609930370064,0.0014105456622720252,0.004855976870116808
intronic,1087,methotrexate,0.31785714285714284,0.3719947607706543,0.48333333333333334,-1.581839833941283,0.11921326843012434,0.19037860357662442
intronic,1087,warfarin,0.23333333333333336,0.18042948677435414,0.5714285714285714,-4.686639689169688,2.71228306565567e-05,0.00017259983145081535
intronic,1087,nicotine,0.2,0.20880106225276637,0.4841269841269842,-3.638977633624107,0.0006888207851901376,0.0025602188476093607
intronic,1087,cyclophosphamide,0.6015873015873016,0.3679288384097323,0.46825396825396814,1.3112311535285335,0.19499566913751837,0.2863572763557962
intronic,1087,ethanol,0.7722222222222223,0.3114251060974676,0.5925925925925924,1.9373163375004616,0.05782312677916401,0.10605114955130517
intronic,1087,gemcitabine,0.09607843137254897,0.049176220407782176,0.49215686274509796,-6.57670248462812,2.656951491340558e-07,4.463678505452138e-06
intronic,1087,opioids,0.0,0.0,0.6725490196078431,-8.4965313787978,2.3177709930417425e-09,1.3906625958250455e-07
intronic,1087,cisplatin,0.6098039215686275,0.3084669587937023,0.384313725490196,2.393023495525405,0.02019667920098294,0.046101115567461055
intronic,1087,risperidone,0.5431372549019607,0.3974205565998702,0.5274509803921569,0.14026976478166944,0.8889409200159561,0.9195940551889202
intronic,1087,docetaxel,0.016666666666666666,0.03584302194601095,0.44583333333333336,-5.301861038402883,1.0538188835555218e-05,8.196369094320725e-05
intronic,1087,methadone,0.5041666666666667,0.4232603283507155,0.5083333333333333,-0.03830456984267372,0.9695766448027661,0.9765520163481096
intronic,1087,tumor necrosis factor alpha (tnf-alpha) inhibitors,0.22000000000000003,0.3417384748388527,0.4933333333333333,-2.7004251860567994,0.00916532372283349,0.024688092566539997
intronic,1087,platinum compounds,0.01777777777777778,0.02948110924760355,0.5911111111111111,-7.699747913803278,1.601668182334369e-08,5.605838638170291e-07
intronic,1087,duloxetine,0.9733333333333333,0.12122828175098536,0.5244444444444445,5.1858987123299505,1.0505146284477187e-05,8.196369094320725e-05
intronic,1087,olanzapine,0.5466666666666666,0.3811872291980723,0.4466666666666667,0.9047987993931089,0.3694353887266865,0.46455947085391713
intronic,1087,antipsychotics,0.6880952380952381,0.40761598797249554,0.32380952380952377,3.517954655578696,0.0008550198449341326,0.00304329097349437
intronic,1087,aspirin,0.04523809523809523,0.07257024121013413,0.5619047619047619,-6.935105810316726,8.92153706327269e-08,1.873522783287265e-06
intronic,1087,capecitabine,0.4256410256410256,0.23645419247996932,0.558974358974359,-1.720201831071762,0.09141134132673163,0.1505598563028521
intronic,1087,tacrolimus,0.2923076923076923,0.39041777047536985,0.5230769230769231,-2.162992668710377,0.03470084560102737,0.07144291741387987
intronic,1087,carboplatin,0.15384615384615388,0.0952521826718293,0.482051282051282,-4.494974608842463,8.280125455261081e-05,0.00046995306637968295
intronic,1087,methylphenidate,0.29722222222222217,0.24784565587438173,0.4916666666666666,-2.4241022270070203,0.018863437608691608,0.0435310098662114
intronic,1087,clozapine,0.24444444444444444,0.3448921821148613,0.6138888888888889,-3.6311812740564844,0.0006155686102759848,0.0023291785253685914
intronic,1087,doxorubicin,0.39722222222222214,0.2641227034337181,0.47222222222222215,-0.8780537837601536,0.3839558444294965,0.47852063697444663
intronic,1087,succinylcholine,0.13611111111111113,0.20692113962737432,0.625,-6.258521704179696,1.204864750742996e-07,2.409729501485992e-06
intronic,1087,sevoflurane,0.48181818181818176,0.25297132319321636,0.509090909090909,-0.33846332891214126,0.7363612898005005,0.8073748380887035
intronic,1087,hydrochlorothiazide,0.8454545454545455,0.3106467083528624,0.5424242424242425,3.0948200843957054,0.0031414604653717654,0.010066391122669037
intronic,1087,antidepressants,0.893939393939394,0.27682112585719465,0.6545454545454544,2.616891549494446,0.011643822414798725,0.02946027357961123
intronic,1087,citalopram,0.9333333333333333,0.23711225658371654,0.45999999999999996,4.829011200908254,1.7860601452993016e-05,0.0001209911711331785
intronic,1087,atorvastatin,0.5833333333333335,0.37512960723225014,0.4466666666666666,1.2636493148341459,0.21155741469345565,0.30263422735399154
intronic,1087,morphine,0.30740740740740746,0.34268767449334536,0.5370370370370369,-2.285243255664933,0.02611968991938513,0.057435967361998706
intronic,1087,prednisolone,0.7703703703703706,0.15696014889197846,0.6,2.531952101814694,0.015198613882989228,0.03626941949349702
intronic,1087,metformin,0.6777777777777777,0.3744405978481399,0.42962962962962964,2.563813194528862,0.012969471012565773,0.03223182145134689
intronic,1087,corticosteroids,0.8444444444444447,0.2119864892037657,0.4037037037037037,5.120127322467327,6.704760281910913e-06,5.746937384495068e-05
intronic,1087,irinotecan,0.3814814814814815,0.39511766579295526,0.5407407407407407,-1.4392736347587982,0.15552629125078765,0.24015089090195152
intronic,1087,clopidogrel,0.07777777777777777,0.09139972355002271,0.5518518518518519,-7.1794407659255866,3.1013694900181853e-08,9.304108470054556e-07
intronic,1087,epirubicin,0.7851851851851851,0.3193786835157052,0.4074074074074074,3.783598771298958,0.00039276847034583996,0.0016662904802550785
intronic,1087,lithium,0.7296296296296296,0.420349975031421,0.3888888888888889,3.0722039782058355,0.00323382785425348,0.010212087960800463
intronic,1087,rosuvastatin,0.8111111111111112,0.25034954986846203,0.4740740740740741,3.9229114468467623,0.00026991088457185787,0.0012189523819374228
intronic,1087,atenolol,0.3851851851851852,0.42815840049239784,0.5037037037037037,-1.030061238017443,0.30726633521029617,0.4007821763612559
intronic,1087,imatinib,0.1037037037037037,0.23819163245649666,0.6074074074074075,-6.020146357204463,2.2470845052512297e-07,3.932397884189652e-06
intronic,1087,heroin,0.44583333333333336,0.37316681554262326,0.5166666666666667,-0.7070435120171007,0.48237584778890397,0.5772018691491159
intronic,1087,simvastatin,0.15833333333333333,0.27751376342244527,0.5125,-3.8043339895929806,0.000385487039024672,0.001652087310105737
intronic,1087,salbutamol,0.5125,0.3656472571573137,0.4791666666666667,0.3141526807751968,0.7545691364373195,0.8126129161632671
intronic,1087,sorafenib,0.15416666666666667,0.2451261013347121,0.5583333333333333,-4.763522168641965,1.7228432411710478e-05,0.0001186219936544
intronic,1087,paroxetine,0.919047619047619,0.22033781526208143,0.6047619047619047,3.397774708033319,0.0014899954661008916,0.005046758836793343
intronic,1087,efavirenz,0.2761904761904762,0.21800996461446853,0.5857142857142856,-3.9142522292185915,0.0002897256214879739,0.001280892221315253
intronic,1087,paclitaxel,0.1285714285714286,0.21930626551751345,0.5095238095238096,-3.952248214433593,0.00029842342178579723,0.001305602470312863
intronic,1087,fentanyl,0.25238095238095243,0.2849593200071844,0.4333333333333333,-2.1208392639880715,0.03845299850929795,0.07727396829619684
intronic,1087,ribavirin,0.29523809523809524,0.34979747947060874,0.37619047619047613,-0.7752444414931154,0.4415050227185693,0.5374843754834757
intronic,1087,bupropion,0.6428571428571428,0.42976025589975214,0.42380952380952386,1.9103868018916157,0.06103626644997096,0.11049668926287846
intronic,1087,cytarabine,0.21428571428571433,0.14638501094227999,0.5190476190476191,-4.608055932604569,4.033477121756131e-05,0.0002455159987155906
intronic,1087,hmg coa reductase inhibitors,0.27619047619047615,0.35749189293568495,0.39999999999999997,-1.1758020999637933,0.244678907444434,0.3358337945315761
intronic,1087,carbamazepine,0.2111111111111111,0.3010270485365349,0.4666666666666667,-2.7190536978971545,0.00881118623543664,0.0245079352243933
intronic,1087,valproic acid,0.08888888888888889,0.2051798368068821,0.48333333333333334,-4.838281427711599,1.6393140807153698e-05,0.00011740018345762414
intronic,1087,phenytoin,0.03333333333333333,0.06666666666666668,0.6111111111111112,-8.046930881669626,4.602510770111052e-09,2.1478383593851577e-07
intronic,1087,peginterferon alfa-2b,0.4555555555555556,0.44499965321112855,0.45,0.04543997954261273,0.9639138679564531,0.9731822705329574
intronic,1087,mercaptopurine,0.18333333333333332,0.29611684380525394,0.43333333333333335,-2.6636369765290606,0.010226038607936815,0.027012177454927434
intronic,1087,pravastatin,0.03333333333333333,0.09026709338484401,0.47222222222222215,-5.3990240285279025,6.476298999270225e-06,5.666761624361447e-05
