dataset,setting,component,subset_acc_mean,subset_acc_std,precision_mean,precision_std,recall_mean,recall_std,micro_f1_mean,micro_f1_std,macro_auroc_mean,macro_auroc_std,macro_auprc_mean,macro_auprc_std,within_gene_auroc_mean,within_gene_auroc_std,hit@1_mean,hit@1_std,hit@10_mean,hit@10_std,bal_accuracy_mean,bal_accuracy_std,bal_precision_mean,bal_precision_std,bal_recall_mean,bal_recall_std,bal_f1_mean,bal_f1_std,bal_auroc_mean,bal_auroc_std
all,A_random,hyb,0.5826695278727039,0.02736054645371599,0.6696748845173162,0.09229040061489416,0.6267345757927618,0.03559607356521871,0.6429152701947173,0.021993306329653985,0.9240971674817586,0.005775769209093104,0.4767640868582805,0.01298737791109143,0.9438293917041165,0.0165318218549777,0.7031805740201623,0.012311017839378522,0.8654259157576562,0.004192479360044895,0.8647512735404621,0.006937909610899589,0.8532648588300876,0.024398294970352816,0.8827607776904642,0.027474410733776673,0.8671497565398919,0.005846467142920155,0.9535417947491052,0.00302082783447898
all,A_random,nn,0.37819003249613037,0.010831763826866358,0.8475028973272488,0.04390206100934603,0.30604711806492224,0.011868982419378385,0.44918199606953213,0.008934228062582542,0.7600900578967789,0.013877944490665548,0.10801254628745334,0.008649947895962143,0.8587483488736964,0.03448864158222666,0.44719244214237497,0.013597705248378944,0.6696821583309687,0.014827896738617603,0.7318357259864807,0.011848900733204786,0.6808374201195793,0.021644103254783092,0.8776111000340132,0.04077508788188761,0.7659114179625932,0.007052582848574678,0.8431005280360495,0.013598310073585168
all,A_random,stack,0.5901640937798274,0.02492401867323807,0.6800334818875813,0.069951566426207,0.6350298886165227,0.018571711076199208,0.6545459069600559,0.025997457880035442,0.9282048031517336,0.007602554332526189,0.4884398220171143,0.012735825535372532,0.9452498217758658,0.019832792893082856,0.7037213070198998,0.009214120613611172,0.8687736910761918,0.0020900960210773417,0.8721650578810947,0.011500757208307132,0.879125148744173,0.03447086954003054,0.8657576930444947,0.03426694785983311,0.8713634573592669,0.01039981491157215,0.9564353818915212,0.0041694489805694
all,A_random,xgb,0.5850041117998893,0.026456063032214493,0.6628564137389651,0.07425378203001765,0.635826071318266,0.016559969908542277,0.6467622874994519,0.027240689667699606,0.9278288337159741,0.008094450610098137,0.4897442075997086,0.009355839574842482,0.9458503481432079,0.018351150720395632,0.7032092428577146,0.010548348428384664,0.8683234219100011,0.0048887406500217855,0.8716013867223389,0.012410836015792202,0.8856681161898295,0.04369337133914681,0.8574576887439743,0.03644536342886659,0.8698984238027482,0.009033880915207255,0.9560437058895237,0.004685885907423766
all,B_gene_disjoint,hyb,0.157720996807452,0.08322777101877149,0.31496853425141647,0.1228378623955079,0.3210382130540653,0.14294922851332936,0.2918138075285648,0.07430256857246087,0.76022979613215,0.047189940175380106,0.20079737128431777,0.017523123738327834,0.6971519041588355,0.09993337393054298,0.3751798637667205,0.1201235159801495,0.6728054196106403,0.08761675589382402,0.713717232862382,0.05820063996266342,0.6896396632802919,0.07941872731677839,0.79942897147887,0.019877683024298192,0.7381875233263157,0.040376370267916246,0.8133653400334598,0.05779665858475452
all,B_gene_disjoint,nn,0.18503207235179991,0.17045936848086837,0.3877772604506529,0.42254434496754456,0.21392712427943392,0.1786499580014609,0.20622274011347277,0.2045760078358479,0.6712757326300471,0.0459081868688247,0.06939149652935436,0.002907599599245156,0.6795916839184711,0.07697891066580412,0.243994986741305,0.1704280943147224,0.5334763205290376,0.09550021758853554,0.6485870022493867,0.07884484290909703,0.6245997813840803,0.09205665713330746,0.8413738211530726,0.09868760763388978,0.7080060290611965,0.029465742844564328,0.7416501781881666,0.06652147804176768
all,B_gene_disjoint,stack,0.2412490651090359,0.15072164506039717,0.3799207068616259,0.175276503402173,0.3267418457406774,0.1135843015510286,0.3382651137256417,0.12646713298539228,0.7639879131730206,0.0446593274163319,0.21011625955576257,0.022638985667142043,0.6725902570798536,0.11573609300429108,0.3668420299592565,0.13312343282207487,0.6739602113427201,0.08439417829061971,0.7120558267521824,0.0657801371823239,0.6760077475649353,0.0796813213242829,0.8457703566281387,0.02809812012391733,0.7483805660976004,0.04062186797445163,0.8216179546458882,0.054655416515752314
all,B_gene_disjoint,xgb,0.13069516429192263,0.04656152337805888,0.264341131617409,0.09739292235136268,0.32418777420783906,0.1432440228264105,0.26549423299046443,0.03731665043463081,0.7529141222843185,0.04870232199370236,0.2083342295692287,0.02069672347964998,0.6587833131620678,0.11513546173233204,0.3605651122163841,0.11345254278512307,0.670956723765503,0.08600566713125635,0.701252515901018,0.0735397965364712,0.6805679910175637,0.1109773630384666,0.8282953181179298,0.07441493993196549,0.7381116017862628,0.03392459635572989,0.8146729635476134,0.053570932092437955
high_evidence,A_random,hyb,0.8214436532168092,0.012266552676469283,0.8931885393307271,0.07308406683342127,0.8356997971602433,0.029845717990998305,0.861262287760667,0.021573475111537958,0.9648343896354161,0.0027840958262305366,0.6369938837540635,0.030827858678059376,0.9511826648880966,0.03259568061183671,0.8797976276836795,0.006230779223754462,0.9703443225779267,0.007169621706527852,0.9363894523326571,0.006709980844145029,0.9397805400897268,0.021108963823873,0.9334685598377283,0.022605487571205025,0.9362157170474088,0.006629098348194428,0.9887164316660428,0.0014290097726528267
high_evidence,A_random,nn,0.6234175757306581,0.014495347341558931,0.8287395492255485,0.058944765634796635,0.6024340770791075,0.01360690452839631,0.6966149327146263,0.016225936031624595,0.8608901911566461,0.015159897284830963,0.23597390433799253,0.0144942590744796,0.920369008772869,0.05881807129382356,0.6856102012562715,0.010886677738500128,0.9137050103955392,0.010112857381471966,0.8541176470588235,0.0085622046658777,0.837484872768643,0.02765824288683266,0.8815415821501015,0.0422228384147967,0.857832623584672,0.01077957730097347,0.9365555916708154,0.007170254768057707
high_evidence,A_random,stack,0.8252181089267256,0.015575495627241994,0.9094393172172195,0.03844515038725987,0.8385395537525355,0.014808691479467773,0.8720286719657386,0.015151829139164701,0.9671535719018681,0.0023988050336175362,0.6403524991102924,0.026456721223484442,0.9639160176962598,0.02496333351043223,0.8806468845838917,0.003026220796008511,0.9707787752585789,0.004979343909564912,0.9396146044624747,0.007404206820124114,0.951331357516618,0.01184726128515616,0.9269776876267748,0.019925844527777365,0.938800453094977,0.007985411567049235,0.9896843023423261,0.001196626685709772
high_evidence,A_random,xgb,0.8256302596929814,0.017500571998900826,0.901624444007522,0.04123702400448313,0.8409736308316429,0.02051591530789494,0.8696043373844301,0.017917223206561816,0.9669250824943681,0.002158388965384229,0.6429924894612439,0.022665671300773117,0.9640446321652872,0.016880177497080293,0.8802383476767858,0.003695339757564226,0.9716361064008202,0.004443342021336749,0.9380324543610546,0.0036574488682062996,0.9504825806469273,0.022260629221002953,0.9253549695740364,0.029547842165728408,0.937169924965042,0.004840248866604503,0.9895639973832437,0.0014241904815987252
high_evidence,B_gene_disjoint,hyb,0.45949045011890044,0.2857713347402433,0.7546813180235022,0.10621022077354987,0.4832835940546166,0.285844406106506,0.5409997797163644,0.27290424467253027,0.8568139961477051,0.04326265178952125,0.32743689024511335,0.06813384101879058,0.844772848863337,0.05721402875359886,0.5434112028307012,0.22709302324944736,0.8093320417879539,0.10984284014844684,0.7658360115485271,0.10741418880574756,0.781647503843461,0.10437420956260827,0.7384704827887559,0.14014694580866183,0.7567780072960005,0.11362619119556279,0.848654773882078,0.097988066092555
high_evidence,B_gene_disjoint,nn,0.47300318843445244,0.18139085216636144,0.6935898349872629,0.22867142611200877,0.4682917588750282,0.18600889774622434,0.5424958833372686,0.17692902552695708,0.7708589496242626,0.04134481417072639,0.15588050288150532,0.02733081930216113,0.8531028897880029,0.06381590235405114,0.5334694396557766,0.17350221460796952,0.849223672911179,0.06556335687507588,0.764380985914099,0.10410754246039404,0.7722228061626384,0.14593530711013686,0.8116651689445756,0.0876864000276143,0.7808569941755057,0.07278217338561735,0.8624465249021928,0.059727543558626826
high_evidence,B_gene_disjoint,stack,0.4724130113249457,0.2241230335192871,0.7172911039939025,0.17926876670115063,0.49804392452023316,0.2170659654602892,0.5768344952256544,0.20445457089798447,0.8564594794256521,0.04064535415490922,0.3152760334533257,0.06447752423098356,0.8755860040394511,0.050074304716057415,0.6028431930578807,0.14577958019446952,0.8375851113124826,0.1023565423163429,0.8082649129360246,0.07322167471038554,0.8237037695876133,0.07896332362130969,0.787390682426403,0.10119636308554997,0.8028568727302379,0.08118563697364613,0.877591074218755,0.07198020573605309
high_evidence,B_gene_disjoint,xgb,0.33955139539541346,0.14044297742094264,0.6722993081256403,0.16423399993769652,0.4753219316653019,0.2815189217537304,0.4916570722335831,0.16519359008334333,0.8453692935909969,0.04916223398076967,0.330551307437214,0.06620517534702597,0.8389229838054902,0.0573849800710994,0.5312005012327821,0.22377064088176535,0.7958184819086698,0.12356907619722364,0.7510548053476663,0.12309043231201242,0.7722018131355759,0.08677980517846905,0.6845684911449667,0.23432452821715408,0.7161049520586726,0.18019882445220892,0.8208991629749007,0.12905862197627627
no_tramadol,A_random,hyb,0.2929621071912747,0.013144537736942078,0.4538051855461379,0.02774687028952974,0.4555225430045574,0.018621454221206563,0.45396196588001975,0.013591594212094842,0.8724480096214471,0.006354199281808611,0.46243255926774723,0.018788577644136085,0.7532297542673558,0.03181427132400282,0.491792019117513,0.02489284489295706,0.7552350842186676,0.01753445307591253,0.7949203857693067,0.01270819804684707,0.7881516238948343,0.026778285616749838,0.8091089725622099,0.025643911659814517,0.7978570847549785,0.00970685129126904,0.8885214167107062,0.006800014370500332
no_tramadol,A_random,nn,0.04104544212185176,0.023432363075328907,0.13460426801060837,0.0241403422757755,0.14135725186084896,0.04098064387563863,0.13373747859507953,0.015996137963159254,0.6453393384066881,0.011639480079433802,0.10676492763234173,0.0111736186579537,0.5751331510670596,0.035601608142626286,0.13362345464769504,0.015684800810038205,0.48340224289872963,0.032352477035058,0.5801962066710268,0.027293030086058365,0.5494926908193354,0.020028473648236962,0.9142279942279943,0.047310739909861996,0.6854423124034014,0.006804528821011453,0.6959942214311161,0.012797458735754904
no_tramadol,A_random,stack,0.2848056977173611,0.027130930558053386,0.43599092537365935,0.06573967486380415,0.46848131884103106,0.02120192414453596,0.4484834793714607,0.033821989506838006,0.8750079600400384,0.006179159716808933,0.46964132966800065,0.02687292614023644,0.7530034569564787,0.04552261817888106,0.4992276312056342,0.02424139439153955,0.7636071552321292,0.017320389391708477,0.7942388738359962,0.014781954971530535,0.785103769274419,0.04189806312901448,0.8171540689526301,0.04748395027249564,0.7988849653656735,0.008908798107697567,0.8914845418571037,0.0064254156113342144
no_tramadol,A_random,xgb,0.3144844178858467,0.030645232567293148,0.48885238654937985,0.09617233389510695,0.4650255899176763,0.033896648820195975,0.4704184973434667,0.025090621493034256,0.8752161797923848,0.0051862306324884045,0.4698571442792148,0.023392718041626293,0.7568891995916853,0.044638472650837216,0.5016647264770674,0.02198821453006008,0.7636048813465732,0.016399413597642902,0.792570722642665,0.0023652166275109493,0.7719809718131512,0.02182231991871374,0.8332916004858453,0.0391013341537361,0.8005181096225226,0.007291779747635341,0.891219765289818,0.0052653034113592494
no_tramadol,B_gene_disjoint,hyb,0.09522178042265468,0.026649538647549886,0.22791254634901792,0.07975245802196519,0.23019536794596482,0.035409397910807536,0.22392274254882882,0.04672947712531009,0.6918400403451004,0.004669622876701166,0.18380107811436214,0.015420313733481645,0.5859774225735591,0.037247872092117294,0.21429955851811805,0.039561080904521255,0.5257464804769212,0.04358366288028136,0.6313893429881557,0.03195694424587933,0.619660087650046,0.0417862030829046,0.6988875619433415,0.04488253225048627,0.6548586699768242,0.016954021693923446,0.7090510321054035,0.03416566915676831
no_tramadol,B_gene_disjoint,nn,0.0059057535891973035,0.004603121985644521,0.06329610183366281,0.020181921118195233,0.22633723401585124,0.10699822322207678,0.08984096501281906,0.009508731668059555,0.591908472131386,0.011731201269366635,0.07335232626771435,0.008016022504046875,0.5373910594973154,0.050288767363297335,0.07635693961056947,0.02112425052529623,0.40862190072440974,0.05395809740761565,0.5528522370216671,0.0304008934628321,0.5335838708076001,0.020943454486204494,0.8844771419172612,0.06521979241592048,0.6641021039444304,0.009079364928848803,0.6441645204480384,0.015193688837842471
no_tramadol,B_gene_disjoint,stack,0.08683141277956692,0.0039325058241451265,0.22820752121588103,0.025900567558532928,0.2525728425799862,0.03692086840835872,0.23874520274464447,0.02672269622676661,0.6992772822482116,0.007410098463762508,0.1918533830535692,0.01845904065904284,0.5853191031950278,0.0438122626587035,0.22034608234468137,0.04049008482953353,0.5320033551929897,0.03710918526296355,0.6307461956232878,0.032011963470248914,0.6098239384174806,0.037403142785333854,0.7445818809731019,0.07168902127541353,0.6678303235672802,0.02742737727783346,0.7163605911214376,0.03684247001706211
no_tramadol,B_gene_disjoint,xgb,0.09242140429736179,0.023811620716459786,0.24062240694951437,0.06897114640722521,0.23443015180796895,0.030538300607181094,0.23344469847408833,0.041376110622758124,0.6833129012748115,0.007430456316679839,0.18812206565340014,0.021087042965973985,0.5674669745367914,0.04790016354778793,0.22428429914083375,0.03497476948857775,0.5238720501088362,0.04497282431773802,0.6232315286747829,0.02215117026075759,0.6046849964188216,0.03129993852788853,0.732590667758204,0.07863452802247871,0.6594199122647536,0.02105086140160298,0.7076808197600404,0.03247209174820059
pharmgkb_only,A_random,hyb,0.2828450822025974,0.01850417759470413,0.4565877082639843,0.04152236249357972,0.49451851851851847,0.01017811202211419,0.47385496585981157,0.02084680261643155,0.8751616151379353,0.015527897173220142,0.4656417909233497,0.024923254939881734,0.7164758353742439,0.052178446357413956,0.49108927727542817,0.0189783640483753,0.7660943555872177,0.017475282604472495,0.7998222222222222,0.010309157967421781,0.7904386473132685,0.022204945332556472,0.8180740740740742,0.03339746916312752,0.8033089560421105,0.011538975734409108,0.8921986063100137,0.011289879206025843
pharmgkb_only,A_random,nn,0.029264289277558586,0.016260053311672355,0.10243593274343712,0.01845318624641289,0.16296296296296295,0.03510517218095641,0.122549975883293,0.009042458619660779,0.62872393182859,0.007793192084400632,0.09380712469725697,0.007014089152786364,0.564987441564232,0.04450579241222314,0.11033509361341358,0.01153187543697183,0.470110137912941,0.02180362584533666,0.5748,0.02677808001468696,0.5463806510297896,0.01879611836945819,0.9045925925925926,0.046820440355859506,0.6803464299271932,0.006376403373591894,0.6829885102880658,0.007060702461823799
pharmgkb_only,A_random,stack,0.2847816197307207,0.028319068859212163,0.44167000596405226,0.03484317305181687,0.5007407407407407,0.012081115874296363,0.4688517566682395,0.021932162874529523,0.8768978343325491,0.015255544927137581,0.46905820396623044,0.026470165717056574,0.7083458041633127,0.03441581227278843,0.49460527895530826,0.01819531513479788,0.7764606145508358,0.02183453966835378,0.8056296296296296,0.008959901527971543,0.8134315996000053,0.02953989216509355,0.7967407407407407,0.048067168367786316,0.8035350668294349,0.013758977998778898,0.8951162030178328,0.010945460190758758
pharmgkb_only,A_random,xgb,0.2843794364829471,0.023312878566393257,0.4516084379653254,0.03036096467520123,0.49303703703703705,0.02140215237307393,0.470989083711386,0.022564976680415388,0.8759101790298771,0.015030230648711309,0.46919509494211314,0.026211389839034194,0.7056437713638315,0.03932392446699313,0.49262574253901636,0.011825063482590875,0.7748010540367419,0.015858399463282286,0.8009629629629629,0.009815862976875502,0.8018522201246514,0.03552992017258419,0.8044444444444444,0.04904576402147214,0.8013903777190672,0.01221216615858856,0.8948956049382716,0.01125173063509824
pharmgkb_only,B_gene_disjoint,hyb,0.09926029920938895,0.03245453995114128,0.3184207435370098,0.14746231500050536,0.18644775875640976,0.058636762082570106,0.2117585482736863,0.021414957356514257,0.717351533723925,0.01708173835832474,0.20524282528843737,0.014883574292525754,0.6100875036232177,0.03541184519975805,0.23802508647837634,0.008835189065743477,0.5557130969283893,0.02644700900327938,0.608359330780282,0.04429889930006267,0.5810365436371729,0.04201842590285738,0.827048152591454,0.10357356329829166,0.6780971751880214,0.023576068516720578,0.7241872899903802,0.04046454777582373
pharmgkb_only,B_gene_disjoint,nn,0.008196017746054354,0.007354368457675339,0.046698534825555325,0.009830529934280928,0.1998017770665853,0.14425380433633841,0.06593226072927914,0.014046851766516084,0.5872771993628394,0.022622495177341485,0.0656409201644224,0.009500645359541168,0.5691416034765201,0.058610516202486224,0.06321839371732593,0.011666739146574184,0.4046261106693819,0.036668939292967,0.5433382139961325,0.01867705224882064,0.5258037165758287,0.012230723393057696,0.9043818566115528,0.04626218505261314,0.6643818178257825,0.007811789538244231,0.6270589086591826,0.014166266968165317
pharmgkb_only,B_gene_disjoint,stack,0.0950045594901509,0.036165850453268186,0.2686586854758591,0.1050344045860126,0.2210104563362279,0.04402991455051935,0.2293493137432098,0.016924049996625397,0.7272645122974495,0.012119925639112215,0.21691310184233453,0.017509314998549838,0.6302528269472241,0.03833252581435663,0.24076076668883223,0.014843245129285237,0.5635663579092085,0.02960734792705733,0.597214294619294,0.06112613721565732,0.5724272375247548,0.04943040078092907,0.8447983363952607,0.1011708626187595,0.6775343841677548,0.02422396838762621,0.7297746458849697,0.039510574858560445
pharmgkb_only,B_gene_disjoint,xgb,0.09199640585258843,0.03666243373877473,0.2659878033351052,0.10042267889382427,0.2260924941027886,0.0640452311041748,0.22762280965604825,0.013985671927626805,0.7185093382831151,0.013556434709645362,0.21069731540901754,0.017105251487223024,0.6195461001595267,0.014302495496142672,0.23331351364162653,0.018443770901745853,0.5583924986158976,0.03303088552097347,0.6075969407820603,0.05545171157092897,0.5824154288185035,0.044192728572571234,0.8209726271495621,0.10827811638581186,0.6764897523281007,0.02306778535841516,0.7242148642893318,0.03828781523860657
