dataset,setting,seed,component,subset_acc,precision,recall,micro_f1,macro_auroc,macro_auprc,within_gene_auroc,hit@1,hit@10,bal_accuracy,bal_precision,bal_recall,bal_f1,bal_auroc
all,A_random,0,nn,0.37659033078880405,0.7767220902612827,0.3231225296442688,0.45638520586182835,0.7478290386845992,0.10105150231132323,0.8302494852490797,0.4541984732824427,0.6603053435114504,0.7281620553359683,0.6805313544002705,0.8606719367588933,0.7600272991025909,0.8378722621037668
all,A_random,0,xgb,0.6005089058524173,0.6875,0.6413043478260869,0.66359918200409,0.9170840896911325,0.49265741346391,0.920733428039047,0.6997455470737913,0.8651399491094147,0.8679841897233203,0.9096162547969968,0.8171936758893279,0.860925652254722,0.9498798020590854
all,A_random,0,hyb,0.5992366412213741,0.6845991561181435,0.6413043478260869,0.6622448979591836,0.9169933221856236,0.49083021170450497,0.9220909889308772,0.7048346055979644,0.8676844783715013,0.8639328063241107,0.8815291009147164,0.840909090909091,0.8607329988070905,0.9495023160805511
all,A_random,0,stack,0.6081424936386769,0.6854754440961337,0.6482213438735178,0.6663280853224987,0.9181328468260613,0.495477073137476,0.920288413985703,0.6997455470737913,0.871501272264631,0.8658596837944664,0.9089708328475213,0.8132411067193676,0.8584264642394954,0.950903290943461
all,A_random,1,nn,0.36766623207301175,0.8596491228070176,0.29080118694362017,0.43458980044345896,0.7552343318959657,0.09899668585841828,0.8646655513951593,0.423728813559322,0.6597131681877445,0.7456973293768545,0.7117745302883584,0.8259149357072205,0.7645962716437846,0.8420346025568402
all,A_random,1,xgb,0.5580182529335072,0.6350947158524427,0.6300692383778437,0.6325719960278053,0.9364169581427045,0.5044092386735344,0.9543286134800251,0.6883963494132985,0.8670143415906127,0.8843719090009892,0.9028434048024219,0.8615232443125617,0.8816835007743942,0.9608264090063701
all,A_random,1,hyb,0.5541069100391134,0.6360887096774194,0.6241345202769535,0.6300549176235647,0.9322430431448114,0.4867963502285209,0.9403823438290339,0.6831812255541069,0.8696219035202086,0.8745301681503463,0.8653228311842962,0.8872403560830862,0.8761249430201558,0.9577878744297399
all,A_random,1,stack,0.5645371577574967,0.6516393442622951,0.629080118694362,0.6401610468042276,0.9368819128965953,0.5059350834256183,0.9542281540499671,0.6910039113428944,0.8670143415906127,0.8852126607319486,0.9052653428806027,0.8605341246290801,0.8823204201209066,0.9610326957375888
all,A_random,2,nn,0.39285714285714285,0.8364611260053619,0.308300395256917,0.4505415162454873,0.7491067349700289,0.10660148331191274,0.8346158711433032,0.4576719576719577,0.6574074074074074,0.7210474308300396,0.6684318453576134,0.8774703557312253,0.7588014551939152,0.8237391421518849
all,A_random,2,xgb,0.623015873015873,0.7780580075662042,0.6096837944664032,0.6836565096952908,0.9349637568798532,0.4865641796626654,0.9678299228090416,0.7156084656084656,0.876984126984127,0.8828557312252965,0.9309914936642685,0.8270750988142292,0.8759479755768297,0.960398537705635
all,A_random,2,hyb,0.6216931216931217,0.8232758620689655,0.5662055335968379,0.6709601873536299,0.9262644839731641,0.46027644802639645,0.9669088329130642,0.716931216931217,0.8664021164021164,0.8630434782608696,0.8475611130231749,0.8853754940711462,0.866045686390154,0.9544521082972708
all,A_random,2,stack,0.6216931216931217,0.7551515151515151,0.6156126482213439,0.678279804028307,0.9345058739258063,0.4792269153623487,0.9697400967747765,0.7142857142857143,0.8690476190476191,0.8822134387351779,0.8889918005142423,0.8735177865612649,0.8811835154912432,0.9600319876892313
all,A_random,3,nn,0.3852140077821012,0.8835227272727273,0.3076162215628091,0.45634629493763756,0.7677746222752136,0.11384447491537318,0.8486600507914669,0.45265888456549935,0.6809338521400778,0.7430761622156281,0.6889973255365884,0.8862512363996042,0.7752654252557492,0.8540286326178604
all,A_random,3,xgb,0.5758754863813229,0.6305182341650671,0.6498516320474778,0.640038967364832,0.9275278587584378,0.48001426895817956,0.9346080197500813,0.7107652399481194,0.8664072632944229,0.8686449060336301,0.8645490725490973,0.8743818001978239,0.8694160402470986,0.9558941162543378
all,A_random,3,hyb,0.5719844357976653,0.6055045871559633,0.6528189910979229,0.6282722513089005,0.9243324556167424,0.4790980026850355,0.9388043212022578,0.7068741893644618,0.8586251621271076,0.8669139465875372,0.8560191886352927,0.8822947576656774,0.8689444227651519,0.9535760443235196
all,A_random,3,stack,0.5888456549935149,0.7305458768873403,0.6221562809099901,0.6720085470085471,0.9269178344743003,0.4740355723982169,0.9301861208456007,0.7107652399481194,0.8664072632944229,0.8699802176063305,0.8675677876277905,0.8733926805143423,0.8704465433188477,0.9559167652362099
all,A_random,4,nn,0.36862244897959184,0.881159420289855,0.30039525691699603,0.44804716285924834,0.7805055616580869,0.11956858504023925,0.9155507857894735,0.4477040816326531,0.6900510204081632,0.7211956521739131,0.6544520450150658,0.9377470355731227,0.7708666386169261,0.8578280007498946
all,A_random,4,xgb,0.5676020408163265,0.5831111111111111,0.6482213438735178,0.6139447824052411,0.9231515051077431,0.48507593724025355,0.9517517566378446,0.701530612244898,0.8660714285714286,0.8541501976284586,0.8203403551363637,0.907114624505929,0.8615189501606965,0.9532196644221905
all,A_random,4,hyb,0.5663265306122449,0.5989061075660893,0.6492094861660079,0.6230440967283073,0.9206525324884517,0.46681942164694473,0.9509604716453498,0.7040816326530612,0.8647959183673469,0.8553359683794467,0.8158920603929583,0.9179841897233201,0.8639007317169071,0.9523906306144448
all,A_random,4,stack,0.5676020408163265,0.5773552290406223,0.6600790513833992,0.6159520516366989,0.9245855476359045,0.4875244657619116,0.9518063232232817,0.7028061224489796,0.8698979591836735,0.8575592885375496,0.8248299798507084,0.9081027667984187,0.8644403436258413,0.9542921698511145
all,B_gene_disjoint,0,nn,0.4468485418626529,0.9464285714285714,0.3663594470046083,0.5282392026578073,0.7256630437956997,0.07397404877195297,0.6723301878233906,0.49764816556914393,0.6829727187206021,0.7592165898617511,0.7664821562723734,0.7457757296466972,0.7559614226946367,0.8394694089914843
all,B_gene_disjoint,0,xgb,0.10159924741298212,0.21045117075956596,0.5660522273425499,0.30682764363030807,0.8362459499832059,0.2236400597188706,0.7766629151512474,0.5559736594543744,0.779868297271872,0.7970430107526882,0.8547285185097738,0.7158218125960063,0.7791155418660798,0.8924231242965449
all,B_gene_disjoint,0,hyb,0.11100658513640639,0.2843175596402034,0.5583717357910907,0.376781549624255,0.8379063883521543,0.2154951477767154,0.7900158836105532,0.5700846660395108,0.7845719661335842,0.8058371735791091,0.8238912363457258,0.7780337941628266,0.8002949695287679,0.9014331903416934
all,B_gene_disjoint,0,stack,0.5004703668861712,0.6730769230769231,0.4838709677419355,0.5630026809651475,0.8373262458718416,0.2311235542266571,0.7752480491736112,0.5936030103480715,0.7826904985888994,0.8032258064516128,0.7894063277889997,0.8271889400921658,0.807843764160984,0.9025963836800761
all,B_gene_disjoint,1,nn,0.22476446837146702,0.7400881057268722,0.17038539553752535,0.27699917559769166,0.6981851492774761,0.07018039358368636,0.7636622078914566,0.2812920592193809,0.5262449528936743,0.638184584178499,0.5923816543849599,0.8864097363083164,0.7101534403752282,0.7536207205131475
all,B_gene_disjoint,1,xgb,0.1655450874831763,0.29659090909090907,0.2647058823529412,0.2797427652733119,0.7421027435894896,0.17459301081700312,0.7826254696386218,0.3405114401076716,0.7227456258411844,0.7425456389452332,0.7129577934467157,0.8123732251521298,0.7593903081684767,0.8360546124444042
all,B_gene_disjoint,1,hyb,0.2597577388963661,0.4473684210526316,0.29310344827586204,0.35416666666666663,0.7566641527736283,0.1715665706425992,0.7924526461962449,0.3916554508748318,0.7079407806191117,0.7144016227180527,0.6830985595093125,0.8002028397565922,0.7370013025884414,0.8201708811803382
all,B_gene_disjoint,1,stack,0.24764468371467024,0.2509933774834437,0.3843813387423935,0.3036858974358974,0.7680118812398936,0.17280144068231001,0.8034877568977352,0.3781965006729475,0.7240915208613729,0.7507606490872212,0.7250118212067609,0.8083164300202841,0.7643652454580077,0.8457017926426358
all,B_gene_disjoint,2,nn,0.07640449438202247,0.1135593220338983,0.10244648318042814,0.10771704180064308,0.6209081999277382,0.06890467281785292,0.5719762402298296,0.1258426966292135,0.4651685393258427,0.5466360856269112,0.5248034587920087,0.9877675840978594,0.6854261156001632,0.6806738583546091
all,B_gene_disjoint,2,xgb,0.06292134831460675,0.16542056074766356,0.2706422018348624,0.20533642691415313,0.7084195046300358,0.2037387126643496,0.5283473790337289,0.26741573033707866,0.5865168539325842,0.6563455657492356,0.6163503720035065,0.8287461773700306,0.7069139485618324,0.7694100758447194
all,B_gene_disjoint,2,hyb,0.04943820224719101,0.15693430656934307,0.26299694189602446,0.19657142857142856,0.7142938841036629,0.21139088617040394,0.5723330429821835,0.26741573033707866,0.604494382022472,0.6712538226299694,0.6377525010685243,0.7935779816513762,0.7071388699399154,0.7703356900373145
all,B_gene_disjoint,2,stack,0.14831460674157304,0.3563218390804598,0.23700305810397554,0.28466483011937554,0.7184649568705246,0.20647327685098438,0.5263341571135302,0.27640449438202247,0.5887640449438202,0.650611620795107,0.607747279463904,0.8501529051987766,0.7087700725214032,0.7742906508056748
all,B_gene_disjoint,3,nn,0.0,0.07407407407407407,0.0029717682020802376,0.005714285714285713,0.6263751514782274,0.0670666937758883,0.6474195459255221,0.053763440860215055,0.43870967741935485,0.6168647845468053,0.5827801677230537,0.8231797919762258,0.6824128129127663,0.6780067074530445
all,B_gene_disjoint,3,xgb,0.15483870967741936,0.4166666666666667,0.19316493313521546,0.2639593908629442,0.7337006950110787,0.2250626033777663,0.5860170595230356,0.2989247311827957,0.5827956989247312,0.6078008915304606,0.5668005270033574,0.9153046062407132,0.7000638331715004,0.7605589397013659
all,B_gene_disjoint,3,hyb,0.15268817204301074,0.4306569343065693,0.17533432392273401,0.249208025343189,0.7328349365200642,0.20711411901227983,0.6172365151448818,0.28817204301075267,0.5655913978494623,0.6569836552748886,0.6234773324504925,0.7934621099554234,0.6982306562365572,0.753062400508689
all,B_gene_disjoint,3,stack,0.14838709677419354,0.37988826815642457,0.20208023774145617,0.2638215324927255,0.7494659642023572,0.22152501663390062,0.610163361981091,0.2817204301075269,0.5913978494623656,0.6515601783060923,0.606078969257873,0.8662704309063894,0.7131700771173227,0.7714809605920575
all,B_gene_disjoint,4,nn,0.17714285714285713,0.06473622898984856,0.42747252747252745,0.11244399479693597,0.6852471186710943,0.06683167369739126,0.7425702377221565,0.26142857142857145,0.5542857142857143,0.6820329670329671,0.6565514697480059,0.7637362637362637,0.7060763537231878,0.7564801956285472
all,B_gene_disjoint,4,xgb,0.16857142857142857,0.23257635082223962,0.3263736263736264,0.2716049382716049,0.7441017182077829,0.2146367612681539,0.6202637424637054,0.34,0.6828571428571428,0.7025274725274725,0.6520027441244649,0.8692307692307694,0.7450743771634246,0.8149180654510324
all,B_gene_disjoint,4,hyb,0.21571428571428572,0.25556544968833483,0.3153846153846154,0.28234136743728483,0.7594496189112409,0.19842013281959045,0.7137214328603145,0.3585714285714286,0.7014285714285714,0.7201098901098901,0.679978687027404,0.8318681318681319,0.7482718183378961,0.8218245380992635
all,B_gene_disjoint,4,stack,0.16142857142857142,0.23932312651087834,0.3263736263736264,0.27615062761506276,0.7466705176804858,0.21865800938496088,0.6477179602333011,0.30428571428571427,0.6828571428571428,0.7041208791208791,0.6517943401071389,0.876923076923077,0.7477536712302844,0.8140199855089965
high_evidence,A_random,0,nn,0.6218487394957983,0.7518796992481203,0.6085192697768763,0.6726457399103138,0.8476110020899646,0.22132833911428648,0.820781438328646,0.6680672268907563,0.8991596638655462,0.8494929006085193,0.8801546920617966,0.8093306288032455,0.8432254146158696,0.9300980460730139
high_evidence,A_random,0,xgb,0.8361344537815126,0.9094827586206896,0.8559837728194726,0.8819226750261233,0.9647642671182087,0.647818525555249,0.9365866957470012,0.884453781512605,0.9684873949579832,0.9392494929006086,0.9678656935553368,0.9087221095334683,0.9373487784008061,0.9894070742936609
high_evidence,A_random,0,hyb,0.8004201680672269,0.9798994974874372,0.7910750507099391,0.8754208754208754,0.9631344915170136,0.6460557352081999,0.8939113049800073,0.8865546218487395,0.9726890756302521,0.9291075050709938,0.9062818714340983,0.9574036511156188,0.9311010176192248,0.9883776522429635
high_evidence,A_random,0,stack,0.8361344537815126,0.9348314606741573,0.8438133874239351,0.8869936034115138,0.9644445701536635,0.6348510579865216,0.9207116604063169,0.8823529411764706,0.9726890756302521,0.9389452332657202,0.969254393092784,0.9066937119675457,0.9369203464552431,0.9894058399746554
high_evidence,A_random,1,nn,0.6029411764705882,0.8753799392097265,0.5841784989858012,0.7007299270072992,0.8637493516097461,0.25551293138488235,0.9135781906367645,0.6869747899159664,0.9138655462184874,0.8482758620689654,0.8153888734634143,0.9006085192697769,0.8558533366484984,0.9427786166575464
high_evidence,A_random,1,xgb,0.8256302521008403,0.8872651356993737,0.8620689655172413,0.8744855967078189,0.9697825662397769,0.6591137837673623,0.9634872178378121,0.8760504201680672,0.9789915966386554,0.9434077079107505,0.9183217263673218,0.9736308316430019,0.9451196159262236,0.991576184226226
high_evidence,A_random,1,hyb,0.8298319327731093,0.848605577689243,0.8640973630831643,0.856281407035176,0.9695290135438853,0.664231728610815,0.9739433364221141,0.8802521008403361,0.9810924369747899,0.9471602434077081,0.9383365983202193,0.9574036511156188,0.9477356744241883,0.9912523812070818
high_evidence,A_random,1,stack,0.819327731092437,0.8952991452991453,0.8498985801217038,0.8720083246618106,0.9706367947077765,0.6644251961477233,0.9728214508562556,0.884453781512605,0.976890756302521,0.9516227180527382,0.9502002695771736,0.9533468559837728,0.9517387456064625,0.9916267913054568
high_evidence,A_random,2,nn,0.6199575371549894,0.8472622478386167,0.5963488843813387,0.7000000000000001,0.8431667840201896,0.22187878469538153,0.9484374382350533,0.6857749469214437,0.9150743099787686,0.8465517241379311,0.8117870825296762,0.9026369168356998,0.8547557431988331,0.9318244469222255
high_evidence,A_random,2,xgb,0.7983014861995754,0.8380566801619433,0.8397565922920892,0.8389057750759877,0.967035990924939,0.6430071910943316,0.9676072579281532,0.8768577494692145,0.970276008492569,0.9346855983772817,0.9665148813718671,0.9006085192697769,0.9323896217950015,0.9895132257281454
high_evidence,A_random,2,hyb,0.8259023354564756,0.9619952494061758,0.821501014198783,0.886214442013129,0.9633113870541781,0.6375519232465405,0.9581380790877122,0.8747346072186837,0.9681528662420382,0.936815415821501,0.9628713622454212,0.9087221095334683,0.9350008683039421,0.9879361774786155
high_evidence,A_random,2,stack,0.8046709129511678,0.847870182555781,0.847870182555781,0.847870182555781,0.9662513795589873,0.6445626922767691,0.9652793798243158,0.8789808917197452,0.9723991507430998,0.9379310344827587,0.9515280667050693,0.922920892494929,0.9369954905628337,0.9892305666758554
high_evidence,A_random,3,nn,0.6425531914893617,0.782608695652174,0.6206896551724138,0.6923076923076923,0.878471370069232,0.23933772581862872,0.9627178154988555,0.6978723404255319,0.9276595744680851,0.8661257606490873,0.8338233952001188,0.9148073022312373,0.8723928231253726,0.9457656686511774
high_evidence,A_random,3,xgb,0.8446808510638298,0.9322799097065463,0.8377281947261663,0.8824786324786325,0.9681738443107409,0.6603686112907534,0.9823476880165254,0.8808510638297873,0.9680851063829787,0.938235294117647,0.9637805956663698,0.9107505070993914,0.9365022345226937,0.9897592666499347
high_evidence,A_random,3,hyb,0.8297872340425532,0.8597560975609756,0.8580121703853956,0.8588832487309644,0.9629424377318777,0.6524608296509156,0.9615083177856745,0.8851063829787233,0.9680851063829787,0.9356997971602435,0.9509356375537925,0.9188640973630833,0.9346115170131505,0.9880781241642632
high_evidence,A_random,3,stack,0.8446808510638298,0.9322799097065463,0.8377281947261663,0.8824786324786325,0.9683844747269059,0.65988788697463,0.9815050642156438,0.8808510638297873,0.9680851063829787,0.9383367139959432,0.9359606234012968,0.9411764705882353,0.9385364104310646,0.9897642039259573
high_evidence,A_random,4,nn,0.6297872340425532,0.8865671641791045,0.6024340770791075,0.717391304347826,0.8714524479940984,0.24181174067678354,0.956330161165026,0.6893617021276596,0.9127659574468086,0.8601419878296145,0.8462703205882092,0.8803245436105478,0.8629358003347866,0.9323111800501133
high_evidence,A_random,4,xgb,0.823404255319149,0.9410377358490566,0.8093306288032455,0.8702290076335878,0.9648687438781754,0.604654335598523,0.970194301296944,0.8829787234042553,0.9723404255319149,0.934584178498986,0.9359300062737408,0.9330628803245438,0.9344893741804858,0.9875642360182516
high_evidence,A_random,4,hyb,0.8212765957446808,0.8156862745098039,0.8438133874239351,0.8295114656031903,0.9652546183301262,0.5846692020538468,0.968412286164975,0.8723404255319149,0.9617021276595744,0.9331643002028398,0.9404772308951024,0.9249492900608519,0.932629507876538,0.9879378232372897
high_evidence,A_random,4,stack,0.8212765957446808,0.9369158878504673,0.8133874239350912,0.8707926167209554,0.966050640362007,0.5980356621658174,0.9792625331787664,0.8765957446808511,0.9638297872340426,0.9312373225152129,0.9497134348067663,0.9107505070993914,0.9298112724192806,0.9883941098297051
high_evidence,B_gene_disjoint,0,nn,0.36363636363636365,0.35984848484848486,0.35580524344569286,0.3578154425612053,0.7333993042260477,0.1928537595656898,0.8808433483759172,0.3715415019762846,0.8260869565217391,0.7312734082397004,0.7130676593065932,0.7752808988764046,0.7427409467109145,0.8305222404578547
high_evidence,B_gene_disjoint,0,xgb,0.43873517786561267,0.8263888888888888,0.44569288389513106,0.5790754257907542,0.8480451672217623,0.41538102377975256,0.8486564191009062,0.5533596837944664,0.8656126482213439,0.7874531835205993,0.7902690092216597,0.7827715355805244,0.7864779373416467,0.8722804359718891
high_evidence,B_gene_disjoint,0,hyb,0.4743083003952569,0.7486338797814208,0.5131086142322098,0.6088888888888889,0.851569733299127,0.39903769186896476,0.856917866092919,0.5573122529644269,0.8300395256916996,0.7831460674157305,0.827821474852288,0.7153558052434457,0.7674294523058892,0.8829552946457377
high_evidence,B_gene_disjoint,0,stack,0.4308300395256917,0.855072463768116,0.4419475655430712,0.582716049382716,0.8474704372936703,0.40939153872012,0.88708895466137,0.5652173913043478,0.8458498023715415,0.794194756554307,0.7881847915163573,0.805243445692884,0.7965342278301776,0.8867006129977979
high_evidence,B_gene_disjoint,1,nn,0.4597156398104265,0.5833333333333334,0.4547563805104408,0.5110821382007823,0.7769751742157901,0.15464224458873327,0.7478805454043812,0.5,0.8459715639810427,0.7580046403712297,0.7914889847658279,0.7006960556844548,0.7433104359731145,0.8313160458869191
high_evidence,B_gene_disjoint,1,xgb,0.45260663507109006,0.7773584905660378,0.4779582366589327,0.5919540229885057,0.8877336856281316,0.3015546567777707,0.8055811112977062,0.590047393364929,0.7606635071090048,0.7762180974477958,0.8071965474590609,0.7262180974477959,0.7645012561304877,0.8615285232099309
high_evidence,B_gene_disjoint,1,hyb,0.518957345971564,0.6788732394366197,0.5591647331786543,0.61323155216285,0.863597985742907,0.2845092325657321,0.8100085975680991,0.5829383886255924,0.7748815165876777,0.7887470997679815,0.8467431895724316,0.7053364269141531,0.7695572900476635,0.8644941618531338
high_evidence,B_gene_disjoint,1,stack,0.5213270142180095,0.6240601503759399,0.5777262180974478,0.6000000000000001,0.8797089672964585,0.2978593916389082,0.8053900096927997,0.5829383886255924,0.7725118483412322,0.7825986078886311,0.7940498825732941,0.7633410672853829,0.778360804476552,0.8666926857628889
high_evidence,B_gene_disjoint,2,nn,0.766109785202864,0.8268506900878294,0.7716627634660421,0.7983040581465779,0.838897328364267,0.14638944849072297,0.9106035461531085,0.7983293556085919,0.9391408114558473,0.9005269320843091,0.9712318576665171,0.825526932084309,0.8924661519279429,0.946401011358588
high_evidence,B_gene_disjoint,2,xgb,0.30906921241050117,0.40291514836022907,0.9063231850117096,0.5578378378378379,0.8853860095893008,0.3712738343769485,0.9262319999682431,0.8365155131264916,0.9749403341288783,0.9057962529274004,0.8692411371422505,0.9555035128805619,0.9102971663569527,0.9775743299200895
high_evidence,B_gene_disjoint,2,hyb,0.8579952267303103,0.8690476190476191,0.8548009367681498,0.8618654073199529,0.9219758002946673,0.39446416427684905,0.9330046476981095,0.869928400954654,0.977326968973747,0.9216042154566745,0.8924249995428453,0.9590163934426229,0.9244789914634104,0.9849888114342754
high_evidence,B_gene_disjoint,2,stack,0.8114558472553699,0.9542302357836339,0.8056206088992974,0.8736507936507937,0.9055667920546003,0.3047633925629109,0.9431907130422311,0.8520286396181385,0.9594272076372315,0.9311475409836065,0.9639999486236756,0.895784543325527,0.9286320103764172,0.9794833789468489
high_evidence,B_gene_disjoint,3,nn,0.48533333333333334,0.9479166666666666,0.4739583333333333,0.6319444444444444,0.7456390457507263,0.1184183652113306,0.8848035543143565,0.6,0.8746666666666667,0.8135416666666666,0.8131902207046116,0.8151041666666666,0.813990080486908,0.902069091796875
high_evidence,B_gene_disjoint,3,xgb,0.10933333333333334,0.6617647058823529,0.1171875,0.19911504424778761,0.7664600636011343,0.2424250543616399,0.7730581581475746,0.21866666666666668,0.6933333333333334,0.5677083333333333,0.6343417135123376,0.3203125,0.4256300985859861,0.637971666124132
high_evidence,B_gene_disjoint,3,hyb,0.06133333333333333,0.8518518518518519,0.059895833333333336,0.11192214111922141,0.8017549889442472,0.2440375454282493,0.7819634743061815,0.24,0.7893333333333333,0.6373697916666666,0.6587433535253037,0.5703125,0.6113242960417244,0.7329901801215277
high_evidence,B_gene_disjoint,3,stack,0.19466666666666665,0.525974025974026,0.2109375,0.30111524163568776,0.7967794117610887,0.2313522565603789,0.8845436517000421,0.544,0.9066666666666666,0.7985677083333333,0.7739950740959285,0.84375,0.807324068744695,0.8781873914930556
high_evidence,B_gene_disjoint,4,nn,0.2902208201892745,0.75,0.2852760736196319,0.4133333333333334,0.7593838955644818,0.16709869655104997,0.8413834546922515,0.39747634069400634,0.7602523659305994,0.618558282208589,0.5721353083696421,0.9417177914110428,0.7117773557786488,0.8019242350107267
high_evidence,B_gene_disjoint,4,xgb,0.38801261829652994,0.693069306930693,0.4294478527607362,0.5303030303030303,0.8392215419146554,0.3221219678899583,0.8410872305130213,0.45741324921135645,0.6845425867507886,0.7180981595092025,0.7599606583425709,0.6380368098159509,0.6936183018782901,0.7551408596484624
high_evidence,B_gene_disjoint,4,hyb,0.38485804416403785,0.625,0.4294478527607362,0.5090909090909091,0.8451714724575767,0.31513581708577154,0.8419696586513754,0.4668769716088328,0.6750788643533123,0.6983128834355827,0.6825045017244367,0.7423312883435582,0.7111000066213151,0.7778454213557152
high_evidence,B_gene_disjoint,4,stack,0.4037854889589905,0.6271186440677966,0.4539877300613497,0.5266903914590747,0.8527717887224426,0.3330135877843106,0.8577166911008124,0.47003154574132494,0.7034700315457413,0.7348159509202453,0.7982891511288113,0.6288343558282208,0.7034332522233473,0.7768913018931837
pharmgkb_only,A_random,0,nn,0.015217391304347827,0.12091038406827881,0.1259259259259259,0.12336719883889695,0.6406876764873963,0.08935658288453054,0.6403070594629036,0.09565217391304348,0.47608695652173916,0.5685925925925925,0.5402495084208085,0.9214814814814816,0.6811401824932064,0.6903940740740742
pharmgkb_only,A_random,0,xgb,0.30869565217391304,0.46567967698519513,0.5125925925925926,0.48801128349788436,0.8829227670784422,0.4931902945317061,0.7424537583628492,0.48695652173913045,0.758695652173913,0.8037037037037038,0.8027225794158006,0.805925925925926,0.8042298602293876,0.9004411522633745
pharmgkb_only,A_random,0,hyb,0.29782608695652174,0.5165354330708661,0.48592592592592593,0.5007633587786259,0.8799029791456975,0.4942638009143491,0.7784170555274452,0.4891304347826087,0.758695652173913,0.7947407407407406,0.7773417718294355,0.8266666666666665,0.8011705687783129,0.8937976406035665
pharmgkb_only,A_random,0,stack,0.31521739130434784,0.4941860465116279,0.5037037037037037,0.4988994864269993,0.8830387778041141,0.4970822966615424,0.7513343078278142,0.48478260869565215,0.7565217391304347,0.8074814814814815,0.8366974341308164,0.7644444444444446,0.7988789996224781,0.8994104801097395
pharmgkb_only,A_random,1,nn,0.028446389496717725,0.10221285563751317,0.1437037037037037,0.11945812807881773,0.626193025848287,0.10379527579440379,0.5256958930345417,0.10722100656455143,0.45951859956236324,0.5311111111111111,0.5165507724759142,0.9718518518518519,0.6745586754155395,0.681606474622771
pharmgkb_only,A_random,1,xgb,0.2603938730853392,0.45428156748911463,0.46370370370370373,0.4589442815249267,0.85660783738156,0.4397708814995095,0.7264406840629275,0.48577680525164113,0.7614879649890591,0.784,0.7655637791422376,0.8192592592592594,0.7914318417587879,0.883751659807956
pharmgkb_only,A_random,1,hyb,0.2603938730853392,0.4336870026525199,0.48444444444444446,0.45766270118964314,0.8541301204473307,0.43521655578388957,0.7113143488023642,0.4617067833698031,0.75054704595186,0.7850370370370371,0.7677148940740752,0.8177777777777779,0.7919054974462152,0.8803634567901234
pharmgkb_only,A_random,1,stack,0.26258205689277897,0.43967828418230565,0.48592592592592593,0.4616467276565799,0.8573333756865319,0.43865409329896937,0.7168065049896307,0.4726477024070022,0.7549234135667396,0.7938518518518519,0.7930215570127335,0.7955555555555556,0.7942446281476918,0.8838369272976679
pharmgkb_only,A_random,2,nn,0.012474012474012475,0.07745159275452843,0.1837037037037037,0.10896309314586997,0.6193801276643376,0.08813746969555933,0.5453304616009744,0.10602910602910603,0.4386694386694387,0.5851851851851851,0.5525005823496736,0.8977777777777778,0.6840131016672277,0.6732944855967079
pharmgkb_only,A_random,2,xgb,0.30561330561330563,0.46799431009957326,0.4874074074074074,0.47750362844702465,0.864667016188222,0.4532434483573272,0.6502410344690056,0.4802494802494803,0.7713097713097713,0.8023703703703703,0.8546334858474687,0.7288888888888889,0.7867297451830927,0.8831247187928669
pharmgkb_only,A_random,2,hyb,0.30561330561330563,0.4781997187060478,0.5037037037037037,0.49062049062049057,0.8644742129052968,0.45216390827796377,0.654004198509444,0.49064449064449067,0.7525987525987526,0.8007407407407408,0.8244428909167748,0.7644444444444446,0.7932721278781781,0.8813266392318244
pharmgkb_only,A_random,2,stack,0.316008316008316,0.44302176696542894,0.5125925925925926,0.4752747252747253,0.8652018647127531,0.4565554375037672,0.659190808712276,0.49064449064449067,0.7733887733887734,0.803037037037037,0.8498917136473872,0.7362962962962963,0.7889863642517767,0.8841193964334707
pharmgkb_only,A_random,3,nn,0.038901601830663615,0.09213051823416507,0.21333333333333335,0.128686327077748,0.6269346996545021,0.09862001999639147,0.5664400621757777,0.11670480549199085,0.4805491990846682,0.5905185185185186,0.5600632908790188,0.8444444444444444,0.6734542843481013,0.6802438408779149
pharmgkb_only,A_random,3,xgb,0.2608695652173913,0.3985419198055893,0.48592592592592593,0.43791722296395197,0.8814089917451499,0.45959290757483073,0.7302914957769163,0.5080091533180778,0.7940503432494279,0.8091111111111111,0.8131116705150726,0.802962962962963,0.8079673676793243,0.898009547325103
pharmgkb_only,A_random,3,hyb,0.2768878718535469,0.41007194244604317,0.5066666666666667,0.4532803180914513,0.8853683202519309,0.4584271990843558,0.7587432346386501,0.5011441647597255,0.7780320366132724,0.8088888888888889,0.7992967791707437,0.8251851851851851,0.8119946321502189,0.8991303155006859
pharmgkb_only,A_random,3,stack,0.2608695652173913,0.3964071856287425,0.49037037037037035,0.43841059602649,0.8840651092169498,0.45617902569420377,0.7213293818004757,0.505720823798627,0.7940503432494279,0.805037037037037,0.7791049405712827,0.8518518518518519,0.8138081591375558,0.8990599725651578
pharmgkb_only,A_random,4,nn,0.05128205128205128,0.11947431302270012,0.14814814814814814,0.13227513227513227,0.6304241294884269,0.08912627511539965,0.5471637315469625,0.12606837606837606,0.49572649572649574,0.5985925925925926,0.562539101023533,0.8874074074074073,0.6885659057118909,0.6894036762688615
pharmgkb_only,A_random,4,xgb,0.2863247863247863,0.4715447154471545,0.5155555555555555,0.49256900212314225,0.8939442827560118,0.5001779427471922,0.6787918841474593,0.5021367521367521,0.7884615384615384,0.8056296296296296,0.773229585702677,0.8651851851851852,0.8165930737447435,0.9091509465020577
pharmgkb_only,A_random,4,hyb,0.27350427350427353,0.4444444444444444,0.4918518518518519,0.4669479606188467,0.8919324429394212,0.4881374905561901,0.6799003393933156,0.5128205128205128,0.7905982905982906,0.8097037037037037,0.7833969005753136,0.8562962962962963,0.8182019539576272,0.9063749794238684
pharmgkb_only,A_random,4,stack,0.2692307692307692,0.43505674653215637,0.5111111111111111,0.4700272479564032,0.8948500442423966,0.4968201666726695,0.6930680174863669,0.5192307692307693,0.8034188034188035,0.8187407407407408,0.808442352637807,0.8355555555555556,0.8217571829876716,0.9091542386831275
pharmgkb_only,B_gene_disjoint,0,nn,0.0,0.03161249203314213,0.41680672268907565,0.05876777251184833,0.590118893349512,0.07451841340730095,0.643469609396123,0.05596107055961071,0.36496350364963503,0.5569747899159664,0.5352236728008528,0.8672268907563027,0.661908502995999,0.6249216863215875
pharmgkb_only,B_gene_disjoint,0,xgb,0.0535279805352798,0.17226528854435832,0.33613445378151263,0.22779043280182235,0.6950665944327263,0.1904254145880491,0.6335679981128483,0.20437956204379562,0.5644768856447688,0.6440336134453781,0.6042327908050307,0.8352941176470589,0.7012050028380805,0.7430406044770849
pharmgkb_only,B_gene_disjoint,0,hyb,0.051094890510948905,0.18728323699421964,0.2722689075630252,0.2219178082191781,0.6883542838860038,0.19444072195773887,0.6615201340410812,0.2384428223844282,0.559610705596107,0.6245378151260503,0.5874997517676114,0.8369747899159664,0.6903635282324804,0.7433603559070687
pharmgkb_only,B_gene_disjoint,0,stack,0.06569343065693431,0.22448979591836735,0.2773109243697479,0.24812030075187969,0.7065825680206491,0.20114338270184673,0.6835845218541002,0.23114355231143552,0.5693430656934306,0.6461344537815125,0.6071672328098268,0.8285714285714286,0.7007699928574493,0.7482963067579973
pharmgkb_only,B_gene_disjoint,1,nn,0.006666666666666667,0.04978083907326237,0.23555555555555555,0.0821917808219178,0.550516506102411,0.05556686499633789,0.5500698048079359,0.07111111111111111,0.4311111111111111,0.5235555555555556,0.5135454065553633,0.8948148148148147,0.652563701957351,0.6042644718792867
pharmgkb_only,B_gene_disjoint,1,xgb,0.08,0.2294022617124394,0.21037037037037037,0.2194744976816074,0.7288941615919027,0.19780794831790816,0.6066424396586416,0.25333333333333335,0.5577777777777778,0.614,0.591270694470421,0.7392592592592593,0.6570050834914323,0.6868609053497943
pharmgkb_only,B_gene_disjoint,1,hyb,0.09333333333333334,0.19486404833836857,0.19111111111111112,0.19296933433059088,0.7258848713329435,0.1877687567402917,0.576745727687702,0.24666666666666667,0.5577777777777778,0.6315555555555555,0.6157447332097563,0.7007407407407407,0.6554515633914356,0.6834561316872427
pharmgkb_only,B_gene_disjoint,1,stack,0.07333333333333333,0.20373027259684362,0.21037037037037037,0.20699708454810495,0.7290502315680992,0.20287472016186653,0.6104393429562985,0.26666666666666666,0.5644444444444444,0.6208148148148149,0.60120218381132,0.7185185185185186,0.6546091349273597,0.6905889711934157
pharmgkb_only,B_gene_disjoint,2,nn,0.019002375296912115,0.0536480686695279,0.03980891719745223,0.045703839122486295,0.6099487230605636,0.07272201090557569,0.6047736759830622,0.047505938242280284,0.4085510688836104,0.5231687898089172,0.5120650021989357,0.9840764331210192,0.6736114946493548,0.6389928343949044
pharmgkb_only,B_gene_disjoint,2,xgb,0.14489311163895488,0.4230769230769231,0.1751592356687898,0.24774774774774772,0.7214485716420176,0.23401320561432531,0.6203187681752665,0.2327790973871734,0.5914489311163895,0.6577229299363058,0.6239380922491395,0.7945859872611465,0.6989673213520481,0.7563086991358677
pharmgkb_only,B_gene_disjoint,2,hyb,0.1377672209026128,0.396078431372549,0.160828025477707,0.2287655719139298,0.715787257180774,0.2247793767473696,0.5969482207523723,0.2327790973871734,0.5866983372921615,0.6611464968152866,0.6260832325561841,0.8009554140127388,0.7027634867076233,0.7558353026491947
pharmgkb_only,B_gene_disjoint,2,stack,0.14489311163895488,0.45161290322580644,0.15605095541401273,0.23195266272189347,0.7305229250072983,0.2446429335070903,0.6326490922835688,0.2375296912114014,0.5961995249406176,0.654140127388535,0.6156149020965048,0.821656050955414,0.7038232417020502,0.7632756399853949
pharmgkb_only,B_gene_disjoint,3,nn,0.003816793893129771,0.04257734885041158,0.2032520325203252,0.07040600797934758,0.5854701054914456,0.05517213964981561,0.4886803236524767,0.0648854961832061,0.3702290076335878,0.5621951219512195,0.5381670986165694,0.878048780487805,0.6673085885753011,0.6284740123824002
pharmgkb_only,B_gene_disjoint,3,xgb,0.11259541984732824,0.3034934497816594,0.18834688346883469,0.23244147157190637,0.7205797116614069,0.2163869135463397,0.6035550059381851,0.24427480916030533,0.5744274809160306,0.5158536585365854,0.5080596833815235,1.0,0.6737910129485187,0.7561106888169153
pharmgkb_only,B_gene_disjoint,3,hyb,0.1183206106870229,0.27884615384615385,0.19647696476964768,0.23052464228934816,0.730417125254073,0.2049122471398333,0.5844373155328354,0.24618320610687022,0.5610687022900763,0.5594173441734417,0.5320208275857926,0.9878048780487806,0.6915637193256947,0.760797970784586
pharmgkb_only,B_gene_disjoint,3,stack,0.12213740458015267,0.2614173228346457,0.22493224932249323,0.24180626365622723,0.7316373382438858,0.22012491672352852,0.5807518143011019,0.23091603053435114,0.5725190839694656,0.5187669376693766,0.5095707824502227,1.0,0.675117762658752,0.7631120511747124
pharmgkb_only,B_gene_disjoint,4,nn,0.011494252873563218,0.055873925501432664,0.10358565737051793,0.07259190321079571,0.6003317688102651,0.07022517186308189,0.5587146035430026,0.07662835249042145,0.4482758620689655,0.5507968127490039,0.5300174027074223,0.8977423638778219,0.6665168009509068,0.638641538317734
pharmgkb_only,B_gene_disjoint,4,xgb,0.06896551724137931,0.20170109356014582,0.2204515272244356,0.21065989847715738,0.7265576520875221,0.2148530949784653,0.6336462889126919,0.23180076628352492,0.5038314176245211,0.6063745019920319,0.5845758831864026,0.7357237715803453,0.6514803410104241,0.6787534236669963
pharmgkb_only,B_gene_disjoint,4,hyb,0.09578544061302682,0.535031847133758,0.11155378486055777,0.1846153846153846,0.7263141309658305,0.21431302385695342,0.6307861201020977,0.2260536398467433,0.5134099616858238,0.5651394422310757,0.5438341730665199,0.8087649402390438,0.6503435782828725,0.6774866889238089
pharmgkb_only,B_gene_disjoint,4,stack,0.06896551724137931,0.20204313280363223,0.23638778220451528,0.2178702570379437,0.7385294986473153,0.21577955611734054,0.6438393633410506,0.23754789272030652,0.5153256704980843,0.546215139442231,0.5285810864558995,0.8552456839309428,0.6533517886931628,0.6836002603133283
no_tramadol,A_random,0,nn,0.01327433628318584,0.1192368839427663,0.1079136690647482,0.11329305135951662,0.6389839118311915,0.09203090673176618,0.6162607424626656,0.12168141592920353,0.4756637168141593,0.5683453237410072,0.538532361511659,0.9553956834532376,0.6888010924708919,0.6926335075824233
no_tramadol,A_random,0,xgb,0.36504424778761063,0.651270207852194,0.40575539568345326,0.5,0.8774040695548126,0.4718395459161309,0.7395356746618766,0.49557522123893805,0.7765486725663717,0.7966187050359712,0.7818266052533658,0.823021582733813,0.8018734553607839,0.8932605972775736
no_tramadol,A_random,0,hyb,0.3008849557522124,0.4823348694316436,0.45179856115107914,0.46656760772659733,0.8766650106492986,0.4677268487551618,0.7645242277754296,0.49336283185840707,0.7699115044247787,0.7969784172661871,0.7770272239158984,0.8330935251798561,0.8040701073075786,0.8928324620878836
no_tramadol,A_random,0,stack,0.3053097345132743,0.47230320699708456,0.46618705035971225,0.4692251991310645,0.8805308799922268,0.47042502557109184,0.7497051326077767,0.5066371681415929,0.7787610619469026,0.8171223021582733,0.8333624939777294,0.7928057553956834,0.8125712908336282,0.8959184307230474
no_tramadol,A_random,1,nn,0.0378619153674833,0.11541774332472007,0.19280575539568345,0.14439655172413793,0.6450869268970053,0.11879802570579703,0.5728757290501417,0.1358574610244989,0.512249443207127,0.5804316546762589,0.5498635631276229,0.8877697841726618,0.6790905608592045,0.696164691268568
no_tramadol,A_random,1,xgb,0.289532293986637,0.4380825565912117,0.47338129496402875,0.45504840940525587,0.8788483331195833,0.47846460627835946,0.817428959384256,0.5033407572383074,0.7750556792873051,0.7905755395683454,0.7604250984990094,0.8489208633093526,0.8021840995054914,0.8951298587029657
no_tramadol,A_random,1,hyb,0.289532293986637,0.44537815126050423,0.45755395683453237,0.4513839602555004,0.8787165357209125,0.46490132938049705,0.786502722725258,0.49665924276169265,0.7527839643652561,0.803956834532374,0.8185840004272977,0.781294964028777,0.7994570344513301,0.893796490864862
no_tramadol,A_random,1,stack,0.2561247216035635,0.41719342604298354,0.4748201438848921,0.4441453566621803,0.8781752623433692,0.47857337645175446,0.7963155265694367,0.5011135857461024,0.7728285077951003,0.7925179856115109,0.7714639847487068,0.8316546762589928,0.8003829563831021,0.8952277832410331
no_tramadol,A_random,2,nn,0.06932773109243698,0.12808641975308643,0.11942446043165468,0.12360387192851825,0.6407469707153804,0.10077696506055338,0.5559972906676368,0.11764705882352941,0.44537815126050423,0.6053956834532374,0.5699892434437626,0.8589928057553957,0.6852487710469252,0.692123596087159
no_tramadol,A_random,2,xgb,0.31932773109243695,0.453168044077135,0.47338129496402875,0.4630541871921182,0.8758888579639669,0.47203030549825686,0.7530955207980814,0.5063025210084033,0.7605042016806722,0.7925179856115108,0.8047774511783142,0.7726618705035972,0.7883528315643209,0.8885173645256458
no_tramadol,A_random,2,hyb,0.31092436974789917,0.46467817896389324,0.42589928057553955,0.4444444444444444,0.8661108002988956,0.464134911297365,0.741463186023147,0.5021008403361344,0.7668067226890757,0.7933093525179856,0.8006172353623997,0.781294964028777,0.7908167151125648,0.8826238807515139
no_tramadol,A_random,2,stack,0.3172268907563025,0.4878444084278768,0.4330935251798561,0.4588414634146341,0.8733264966688,0.47697203429879304,0.761834551583932,0.4957983193277311,0.7626050420168067,0.7953956834532374,0.8142945595930892,0.7654676258992804,0.7891042401406723,0.8883304176802443
no_tramadol,A_random,3,nn,0.024896265560165973,0.1756440281030445,0.10822510822510822,0.13392857142857145,0.636488789375011,0.10545657748176732,0.5277665255643095,0.15767634854771784,0.46265560165975106,0.540909090909091,0.5220101758693398,0.9711399711399713,0.6790210224071183,0.6821484271700722
no_tramadol,A_random,3,xgb,0.2925311203319502,0.40682095006090135,0.481962481962482,0.44121532364597094,0.8661355093192099,0.4316582727549894,0.6971062224940342,0.470954356846473,0.7365145228215768,0.7916305916305916,0.7640402753339784,0.8441558441558442,0.8020678390147277,0.8833161547447261
no_tramadol,A_random,3,hyb,0.2863070539419087,0.410062893081761,0.4704184704184704,0.4381720430107527,0.865098370427154,0.43191009520060203,0.7041373069835674,0.45020746887966806,0.7261410788381742,0.7741702741702743,0.7481997868876861,0.8268398268398268,0.785515343317661,0.8797141691081084
no_tramadol,A_random,3,stack,0.25933609958506226,0.32878048780487806,0.4862914862914863,0.39231664726426074,0.8649918626630301,0.42499892076865986,0.6779276890391848,0.46265560165975106,0.7344398340248963,0.79004329004329,0.781649733992404,0.8051948051948052,0.7932128778466134,0.8815937149270482
no_tramadol,A_random,4,nn,0.0598669623059867,0.13463626492942454,0.17841726618705037,0.15346534653465346,0.6653900932148521,0.11676216318182477,0.602765467590545,0.1352549889135255,0.5210643015521065,0.6058992805755394,0.5670681101442927,0.897841726618705,0.6950501152328672,0.7169008850473577
no_tramadol,A_random,4,xgb,0.30598669623059865,0.4949201741654572,0.4906474820143885,0.4927745664739885,0.8778041290043507,0.4952929909483375,0.7772796206201781,0.532150776053215,0.7694013303769401,0.7915107913669065,0.7488354288010877,0.8776978417266188,0.8081123226672886,0.8958748511981781
no_tramadol,A_random,4,hyb,0.2771618625277162,0.4665718349928876,0.4719424460431655,0.46924177396280403,0.8756493310109746,0.4834896117051102,0.7695213278293773,0.516629711751663,0.7605321507760532,0.8061870503597122,0.7963298728808893,0.823021582733813,0.8094262235857581,0.8936400807411626
no_tramadol,A_random,4,stack,0.2860310421286031,0.4738330975954738,0.48201438848920863,0.4778887303851641,0.8780152985327665,0.4972372912497042,0.7792343849820631,0.5299334811529933,0.7694013303769401,0.7761151079136692,0.7247480740601661,0.8906474820143885,0.7991534616243514,0.8963523627141452
no_tramadol,B_gene_disjoint,0,nn,0.009433962264150943,0.05433682078974013,0.20990873533246415,0.08632707774798927,0.5954640279652594,0.07878847355597186,0.4593156940585206,0.05849056603773585,0.33962264150943394,0.5855280312907432,0.5595534516048253,0.8044328552803129,0.6599918216023279,0.6342507679048903
no_tramadol,B_gene_disjoint,0,xgb,0.09056603773584905,0.2588996763754045,0.20860495436766624,0.23104693140794225,0.671370760464025,0.1535138563167211,0.5887305724767045,0.21132075471698114,0.5207547169811321,0.6447848761408084,0.6178013998323684,0.7601043024771839,0.6815631162008547,0.730278825543228
no_tramadol,B_gene_disjoint,0,hyb,0.0830188679245283,0.18479408658922913,0.22816166883963493,0.2042007001166861,0.6973962126937974,0.1611437114107506,0.6160431295998448,0.20566037735849058,0.4962264150943396,0.6642112125162972,0.6780965307382664,0.6258148631029987,0.650853300198792,0.7274493488744478
no_tramadol,B_gene_disjoint,0,stack,0.09056603773584905,0.2236503856041131,0.22685788787483702,0.22524271844660193,0.6890487927233535,0.16182105751201276,0.5923790313824296,0.2037735849056604,0.5264150943396226,0.6539765319426336,0.6620010807813081,0.6297262059973925,0.645417724511148,0.7373355612632567
no_tramadol,B_gene_disjoint,1,nn,0.001838235294117647,0.06004901960784314,0.3128991060025543,0.10076084721365414,0.6022345142889491,0.06844230316400576,0.5886653423220829,0.11213235294117647,0.4852941176470588,0.5441890166028097,0.5259957214742894,0.8952745849297573,0.6626511742324903,0.6485581212515639
no_tramadol,B_gene_disjoint,1,xgb,0.09926470588235294,0.3328100470957614,0.2707535121328225,0.29859154929577464,0.6865985881121999,0.20662497675210528,0.604969784304677,0.27941176470588236,0.5882352941176471,0.5927203065134099,0.5675954116944422,0.7790549169859514,0.6567092291451974,0.6947419542676512
no_tramadol,B_gene_disjoint,1,hyb,0.12316176470588236,0.35714285714285715,0.2681992337164751,0.30634573304157553,0.695648205166428,0.20402839709129775,0.6160678989325179,0.2775735294117647,0.5753676470588235,0.6203065134099617,0.5996881894628199,0.7241379310344829,0.6560445587829359,0.6944760874848512
no_tramadol,B_gene_disjoint,1,stack,0.08455882352941177,0.264026402640264,0.3065134099616858,0.2836879432624113,0.7094698993574622,0.21207641153978304,0.6343712726947773,0.2867647058823529,0.5772058823529411,0.626117496807152,0.6028880444195905,0.739463601532567,0.6642067951330188,0.6993369641275573
no_tramadol,B_gene_disjoint,2,nn,0.00936768149882904,0.09656301145662848,0.09516129032258064,0.0958570268074736,0.579797696616509,0.08415407347028742,0.5512350966790219,0.07728337236533958,0.38875878220140514,0.5063709677419354,0.5032919362496082,0.9758064516129034,0.6640723890295008,0.646116285119667
no_tramadol,B_gene_disjoint,2,xgb,0.06791569086651054,0.1720881427072403,0.2645161290322581,0.20851875397329944,0.6907567351860937,0.1943409450584107,0.5888753333421983,0.2107728337236534,0.5269320843091335,0.6445967741935483,0.6456430573393626,0.6419354838709677,0.6437164953934463,0.7248433922996879
no_tramadol,B_gene_disjoint,2,hyb,0.06791569086651054,0.1689259645464025,0.26129032258064516,0.2051931602279924,0.6858654066238695,0.18094540714544102,0.6017035145539819,0.1920374707259953,0.5362997658079626,0.6411290322580645,0.6291235148575569,0.6887096774193548,0.6575022251919643,0.7257719823100935
no_tramadol,B_gene_disjoint,2,stack,0.08196721311475409,0.22297297297297297,0.2661290322580645,0.2426470588235294,0.696633501882496,0.19810458380690898,0.586605126441575,0.2107728337236534,0.531615925058548,0.6343548387096773,0.6000082816935205,0.8064516129032258,0.6880630931027056,0.7345676378772114
no_tramadol,B_gene_disjoint,3,nn,0.008888888888888889,0.0630119722747322,0.1594896331738437,0.09033423667570009,0.6029179425501154,0.06433217505566545,0.5674855285784605,0.06888888888888889,0.4311111111111111,0.5724880382775119,0.5436611767533561,0.904306220095694,0.6790447839191601,0.6658940195203102
no_tramadol,B_gene_disjoint,3,xgb,0.1288888888888889,0.2677165354330709,0.21690590111642744,0.23964757709251103,0.6815432512733739,0.20175499750080264,0.5700808027051484,0.23333333333333334,0.5222222222222223,0.6129186602870813,0.5796205704352425,0.8229665071770335,0.6801533178316597,0.7322528991755887
no_tramadol,B_gene_disjoint,3,hyb,0.12444444444444444,0.2533039647577093,0.18341307814992025,0.2127659574468085,0.6896940523168156,0.18463848241257408,0.5655557393450064,0.2222222222222222,0.5533333333333333,0.6495215311004785,0.6267810719561663,0.7400318979266347,0.6786669008549803,0.7413677189930022
no_tramadol,B_gene_disjoint,3,stack,0.09111111111111111,0.1926829268292683,0.25199362041467305,0.2183828610919143,0.7000941596268588,0.195452559512524,0.5988880774548314,0.2222222222222222,0.5488888888888889,0.6601275917065391,0.6245270812807295,0.8038277511961722,0.7028830919333622,0.7506836178455417
no_tramadol,B_gene_disjoint,4,nn,0.0,0.04251968503937008,0.35422740524781343,0.07592563661927824,0.579128179236097,0.0710446060926412,0.520253635848491,0.0649895178197065,0.39832285115303984,0.5556851311953352,0.5354170679559213,0.8425655976676385,0.6547503509386731,0.6260034084437607
no_tramadol,B_gene_disjoint,4,xgb,0.07547169811320754,0.17159763313609466,0.21137026239067055,0.1894186806009144,0.686295171338365,0.18437555263896102,0.48467837985522866,0.18658280922431866,0.4612159329140461,0.6211370262390671,0.612764542792692,0.6588921282798834,0.6349574027526101,0.656287027514046
no_tramadol,B_gene_disjoint,4,hyb,0.07756813417190776,0.1753958587088916,0.2099125364431487,0.19110816191108163,0.6905963249245913,0.18824939251174724,0.5305168304364446,0.1740041928721174,0.46750524109014674,0.5817784256559767,0.5646111312354203,0.7157434402332361,0.6312263648554487,0.6561900228646227
no_tramadol,B_gene_disjoint,4,stack,0.0859538784067086,0.23770491803278687,0.21137026239067055,0.22376543209876543,0.7011400576508873,0.19181230289661708,0.5143520080015257,0.17819706498951782,0.4758909853249476,0.5791545189504373,0.5596952039122544,0.7434402332361516,0.6385809131561663,0.6598791744936209
