setting,seed,n_drugs,pass_train_only,macro_auroc_all,macro_auroc_pass,macro_auroc_fail
A_random,0,60,60,0.9181328468260613,0.9181328468260613,
A_random,1,60,60,0.9368819128965953,0.9368819128965953,
A_random,2,60,60,0.9345058739258063,0.9345058739258063,
A_random,3,60,60,0.9269178344743003,0.9269178344743003,
A_random,4,60,60,0.9245855476359045,0.9245855476359045,
B_gene_disjoint,0,60,53,0.8373262458718416,0.8350551908188114,0.8545213769876433
B_gene_disjoint,1,60,52,0.7680118812398936,0.7787107190318547,0.6984694355921472
B_gene_disjoint,2,60,55,0.7184649568705246,0.7067637280793558,0.8471784735733812
B_gene_disjoint,3,60,58,0.7494659642023572,0.7430328417923479,0.9360265140926223
B_gene_disjoint,4,60,54,0.7466705176804858,0.7537940450525622,0.6825587713317972
