setting,seed,subset_acc,hit@1,hit@10,micro_f1,precision,recall,macro_auroc,within_gene_auroc,bal_accuracy,bal_f1,bal_auroc
A_random,0,0.40076335877862596,0.4732824427480916,0.6908396946564885,0.4819112627986347,0.7792494481236203,0.34881422924901184,0.7979693281809086,0.8768518125542241,0.7651679841897233,0.7755602027165157,0.8740443238450842
A_random,1,0.39374185136897,0.48891786179921776,0.7053455019556715,0.46175839885632597,0.8324742268041238,0.31948565776458954,0.8027110524995537,0.9160201434225705,0.77675568743818,0.7905859035956094,0.8791762423431276
A_random,2,0.4060846560846561,0.4933862433862434,0.705026455026455,0.48257006151743,0.7827050997782705,0.34881422924901184,0.8077504667661248,0.9277233487031115,0.7791501976284586,0.7989465992172952,0.8813738107141184
A_random,3,0.4085603112840467,0.4993514915693904,0.7120622568093385,0.496301277740417,0.7752100840336135,0.3649851632047478,0.80781759584785,0.9024345035606802,0.7626607319485658,0.7911807724255204,0.882405899105879
A_random,4,0.40561224489795916,0.5025510204081632,0.7193877551020408,0.48675034867503486,0.8270142180094787,0.3448616600790514,0.8183059567011607,0.9224618375596285,0.761808300395257,0.7948975792696538,0.8921616979643486
B_gene_disjoint,0,0.4477892756349953,0.49106302916274697,0.6754468485418627,0.5305895439377085,0.9616935483870968,0.3663594470046083,0.7801691135817804,0.7478629890797355,0.7676267281105991,0.7825946276729077,0.8736545572096338
B_gene_disjoint,1,0.25168236877523553,0.29071332436069985,0.5720053835800808,0.29393939393939394,0.5808383233532934,0.19675456389452334,0.7270598042157341,0.7836238955021302,0.6487322515212982,0.7236851049901942,0.7786962196923255
B_gene_disjoint,2,0.04269662921348315,0.10786516853932585,0.4449438202247191,0.09013754755633596,0.05573651827723489,0.23547400611620795,0.6230447459984626,0.5680436317530352,0.5573394495412843,0.6868702048147622,0.6857896361136829
B_gene_disjoint,3,0.0,0.06236559139784946,0.3978494623655914,0.013568521031207597,0.078125,0.007429420505200594,0.6179502972099188,0.6195204198192246,0.6104011887072808,0.6723639252167967,0.6626839968295252
B_gene_disjoint,4,0.10714285714285714,0.27285714285714285,0.5942857142857143,0.11688311688311687,0.07653061224489796,0.24725274725274726,0.7256936986300958,0.7733705214383133,0.6815934065934066,0.7380188093083292,0.796643762830576
